BillingCity;BillingCountry;BillingPostalCode;BillingState;BillingStreet;CEP__c;Codigo_do_Cliente_SAP__c;CodigoClienteSAPRecebedor_DFV__c;Inscricao_Estadual__c;Inscricao_Municipal__c;Inscricao_SUFRAMA__c;Inscricao_INSS_CEI__c;RNE__c;UFCapex__c;Data_abertura_empresa__c;Data_Expedicao_RNE__c;Status_da_Conta__c;Caldeira__c;Corporativo__c;Cozinha_Industrial__c;Ecodriyer__c;Forno__c;Gerador_Eletrico__c;Key_Account__c;Orgao_Publico__c;SMG__c;TPC__c;Usina_de_Asfalto__c;Venda_Spot__c;Condicao_de_Pagamento__c;Escritorio_de_Vendas2__c;Grupo_Clientes2__c;Grupo_de_Contas2__c;Subsegmento__c;Estabelecimento_Unidade_de_Negocio_SHV__c;Consultor_Remunerado_pela_Prospec_o__c;OwnerId;Vendedor_VIc;Latitude__c;Longitude__c;Mesorregiao__c;BairroCapexc;Cidade_Satelite__c;Complemento2c;Nome_Fantasia_Apelidoc;Condicoes_de_abastecimentoc;Rua_nc;Mes_de_Reajustec;Cidadec;Paisc;Name;Regiao__c;Numero_do_Documento__c;Numero__c;Codigo_Parceiro_Negocio__c;RecordTypeId;Segmentoc;ShippingCity;ShippingCountry;ShippingPostalCode;ShippingState;ShippingStreet;Tipoc;Ativacao_de_clientec;Inativacao_de_Clientec;Dados_Adicionaisc;Politica_de_Relacionamentoc;Volume_Potencial__c;Id
CURITIBA;BR;80215-020;PR;"R IAPO 1671 PRADO VELHO ";80215-020;0001083811;0001083811;9046991602;ISENTO;;00000000000000000000;NULL;PR;NULL;NULL;Inativo;false;false;false;false;false;false;false;false;false;false;false;false;a0nF000000P34hPIAR;a0xF000001OjABGIA3;a15F0000003QQafIAG;a17F000000R17A3IAJ;a0CF000000OdDwCMAV;a0BA000000BkujyMAB;0054z00000ALGhIAAX;0054z00000ALGhIAAX;NULL;;;NULL;PRADO VELHO;;;RESTAURANTE ROSZE;Entregando;R IAPO;;CURITIBA;BR;JOSE VALDAIR DE MORAES ME;NULL;03520551000174;1671;NULL;012A0000000ernMIAQ;a0AA0000005k9HBMAY;CURITIBA;BR;80215-020;PR;"R IAPO 1671 PRADO VELHO ";Pessoa Jurídica;;;;;0;001A000000d7XFtIAM
ARAGUAINA;BR;77805-010;TO;"AV CON JOAO LIMA 1591 LT 3 QD  SETOR CENTRAL ";77805-010;0001318884;0001318884;294299815;ISENTO;;00000000000000000000;NULL;TO;NULL;NULL;Inativo;false;false;false;false;false;false;false;false;false;false;false;false;a0nF000000P34hZIAR;a0xF000001OjABMIA3;a15F0000003QQafIAG;a17F000000R17A3IAJ;a0CF000000OdDwEMAV;a0BA000000BkuixMAB;005F00000042HXFIA2;005F00000042HXFIA2;NULL;;;NULL;SETOR CENTRAL;;;CONVENIENCIA NEBLINA;Entregando;AV CON JOAO LIMA 1591 LT 3 QD;;ARAGUAINA;BR;J CESAR DA COSTA  ME;NULL;07592494000190;NULL;NULL;012A0000000ernMIAQ;a0AA0000005k9HBMAY;ARAGUAINA;BR;77805-010;TO;"AV CON JOAO LIMA 1591 LT 3 QD  SETOR CENTRAL ";Pessoa Jurídica;;;;;00000;001F000001VYhgNIAT
ITABIRA;BR;35900-408;MG;AVDOS MEDICOS  GABIROBA 1 SECAO LANCHONETE DA QUAD;35900-408;0001974824;0001974824;ISENTO;ISENTO;;00000000000000000000;NULL;MG;1976-06-26;NULL;Ativo;false;false;false;false;false;false;false;false;false;false;false;false;a0nF000000P34hPIAR;a0xF000001OjABCIA3;a15F0000003QQafIAG;a17F000000R17A2IAJ;a0CF000000OdDvkMAF;a0BA000000BkujZMAR;0051Y00000AVtedQAD;005F0000002GclmIAC;NULL;;;NULL;GABIROBA 1 SECAO;;LANCHONETE DA QUADRA;VAGNER;Entregando;AVDOS MEDICOS;;ITABIRA;BR;VAGNER GERALDO BATISTA;NULL;03701434697;NULL;NULL;012A0000000ernMIAQ;a0AA0000005k9H8MAI;ITABIRA;BR;35900-408;MG;AVDOS MEDICOS  GABIROBA 1 SECAO LANCHONETE DA QUAD;Pessoa Física;;;;;0;001F000001nakW6IAI
SALVADOR;BR;40050-000;BA;"AV JOANA ANGELICA 808 NAZARE ";40050-000;0003827623;0003827623;127000488;ISENTO;;00000000000000000000;NULL;BA;2015-08-27;NULL;Ativo;false;false;false;false;false;false;false;false;false;false;false;false;a0nF000000P34hdIAB;a0xF000001OjABUIA3;a15F0000003QQafIAG;a17F000000R17A3IAJ;a0CF000000OdDwCMAV;a0BA000000BkujNMAR;005F0000001wHA9IAM;005F0000001wHA9IAM;NULL;;;NULL;NAZARE;;;J.S. SOUZA RESTAURANTES EIRELI;Entregando;AV JOANA ANGELICA;02 FEVEREIRO;SALVADOR;BR;J.S. SOUZA RESTAURANTES EIRELI;NULL;23163836000102;808;NULL;012A0000000ernMIAQ;a0AA0000005k9HBMAY;SALVADOR;BR;40050-000;BA;"AV JOANA ANGELICA 808 NAZARE ";Pessoa Jurídica;;;;;1.000;0014z00001ckEObAAM
LONDRINA;BR;86036-030;PR;"AV SAO JOAO 2835 ANTARES ";86036-030;0001948417;0001948417;ISENTO;ISENTO;;00000000000000000000;NULL;PR;1983-06-09;NULL;Inativo;false;false;false;false;false;false;false;false;false;false;false;false;a0nF000000P34hPIAR;a0xF000001OjABIIA3;a15F0000003QQafIAG;a17F000000R17A2IAJ;a0CF000000OdDvkMAF;a0BA000000Bkuk3MAB;005F0000003QdNEIA0;005F00000043PLkIAM;NULL;;;NULL;ANTARES;;;PANIFICADORA E CONFEITARIA SÃO JOÃO;Entregando;AV SAO JOAO;11 NOVEMBRO;LONDRINA;BR;MARCIA CRISTIANE DIAS;NULL;04350797947;2835;NULL;012A0000000ernMIAQ;a0AA0000005k9H8MAI;LONDRINA;BR;86036-030;PR;"AV SAO JOAO 2835 ANTARES ";Pessoa Física;NOVO NEGÓCIO;;;;0.18;001F000001bFjmmIAC
CACHOEIRO DE ITAPEMIRIM;BR;29309-100;ES;"AV CARLY LEVY RAMOS 81 NOVO PARQUE ";29309-100;0001038560;0001038560;081441169;ISENTO;;00000000000000000000;NULL;ES;NULL;NULL;Ativo;false;false;false;false;false;false;false;false;false;false;false;false;a0nF000000P34hPIAR;a0xF000001OjABAIA3;a15F0000003QQafIAG;a17F000000R17A3IAJ;a0CF000000OdDvlMAF;a0BA000000BkukUMAR;005F0000001wXWbIAM;005F0000001wXWbIAM;NULL;;;NULL;NOVO PARQUE;;;BARATEX;Entregando;AV CARLY LEVY RAMOS;;CACHOEIRO DE ITAPEMIRIM;BR;PRODAF PRODUTOS A FRUTTIN LTDA ME;NULL;36413516000105;81;NULL;012A0000000ernMIAQ;a0AA0000005k9H9MAI;CACHOEIRO DE ITAPEMIRIM;BR;29309-100;ES;"AV CARLY LEVY RAMOS 81 NOVO PARQUE ";Pessoa Jurídica;;;;;00000;001F000000g9biWIAQ
GOIANIA;BR;74465-539;GO;"R R 16 250 SETOR OESTE ";74465-539;0001030845;0001030845;ISENTO;ISENTO;;00000000000000000000;NULL;GO;NULL;NULL;Inativo;false;false;false;false;false;false;false;false;false;false;false;false;a0nF000000P34iFIAR;a0xF000001OjABOIA3;a15F0000003QQafIAG;a17F000000R17A3IAJ;a0CF000000OdDvpMAF;a0BA000000BkuivMAB;NULL;005A0000001KwVdIAK;NULL;;;NULL;SETOR OESTE;;;CONDOMINIO DO EDIFICIO PUNTA DEL ES;Entregando;R R 16;;GOIANIA;BR;CONDOMINIO DO EDIFICIO PUNTA DEL ES;NULL;25006016000132;250;NULL;012A0000000ernMIAQ;a0AA0000005k9H8MAI;GOIANIA;BR;74465-539;GO;"R R 16 250 SETOR OESTE ";Pessoa Jurídica;;;;;00000;001A000000d7oi0IAA
GOIANIA;BR;74313-070;GO;R R 3 140 SETOR UNIAO QD C1 LT 32 SL 3 4;74313-070;0001312605;0001312605;106299778;ISENTO;;00000000000000000000;NULL;GO;NULL;NULL;Inativo;false;false;false;false;false;false;false;false;false;false;false;false;a0nF000000P34hdIAB;a0xF000001OjABOIA3;a15F0000003QQafIAG;a17F000000R17A3IAJ;a0CF000000OdDwCMAV;a0BA000000BkuivMAB;005F0000001vq03IAA;005F0000002l9qJIAQ;NULL;;;NULL;SETOR UNIAO;;QD C1 LT 32 SL 3 4;CANTINA RESTAURANTE;Entregando;R R 3;;GOIANIA;BR;JOSE RENALDO COSTA 45940886353;NULL;19226519000110;140;NULL;012A0000000ernMIAQ;a0AA0000005k9HBMAY;GOIANIA;BR;74313-070;GO;R R 3 140 SETOR UNIAO QD C1 LT 32 SL 3 4;Pessoa Jurídica;;;;D;0;001F000001R86BbIAJ
SAO JOSE DOS CAMPOS;BR;12244-010;SP;"AV POSSIDONIO JOSE DE FREITAS SN 0 URBANOVA ";12244-010;0001151924;0001151924;ISENTO;ISENTO;;00000000000000000000;NULL;SP;NULL;NULL;Inativo;false;false;false;false;false;false;false;false;false;false;false;false;a0nF000000P34hdIAB;a0xF000001OjAB2IAN;a15F0000003QQafIAG;a17F000000R17A2IAJ;a0CF000000OdDvkMAF;a0BA000000Bkul3MAB;005F0000003jLaXIAU;0052A000008Nhg6QAC;NULL;;;NULL;URBANOVA;;;RECANTO INSPIRE;Entregando;AV POSSIDONIO JOSE DE FREITAS SN;;SAO JOSE DOS CAMPOS;BR;CONRADO PFANNEMULLER;NULL;60230797849;0;NULL;012A0000000ernMIAQ;a0AA0000005k9H8MAI;SAO JOSE DOS CAMPOS;BR;12244-010;SP;"AV POSSIDONIO JOSE DE FREITAS SN 0 URBANOVA ";Pessoa Física;;;;;0.2;001F000000g9euPIAQ
JARINU;BR;13240-000;SP;"R DANTE ALEGUIERE 158 NOVA TRIESTE ";13240-000;0001099120;0001099120;400073190112;ISENTO;;00000000000000000000;NULL;SP;NULL;NULL;Inativo;false;false;false;false;false;false;false;false;false;false;false;false;a0nF000000P34hZIAR;a0xF000001OjAB6IAN;a15F0000003QQafIAG;a17F000000R17A3IAJ;a0CF000000OdDvlMAF;a0BA000000Bkul7MAB;005F0000001vkh5IAA;0051Y00000AZIejQAH;NULL;;;NULL;NOVA TRIESTE;;;CASABLANCA COMERCIO DE CAFE LTDA ME;Entregando;R DANTE ALEGUIERE;07 JULHO;JARINU;BR;CASABLANCA COMERCIO DE CAFE LTDA ME;NULL;05285485000120;158;NULL;012A0000000ernMIAQ;a0AA0000005k9H9MAI;JARINU;BR;13240-000;SP;"R DANTE ALEGUIERE 158 NOVA TRIESTE ";Pessoa Jurídica;;;;D;1.25;001F000000j7gHmIAI
SALVADOR;BR;40230-170;BA;"TV MARIA JOSE 6 FEDERACAO ";40230-170;0003667005;0003667005;134309271;ISENTO;;00000000000000000000;NULL;BA;2016-07-27;NULL;Ativo;false;false;false;false;false;false;false;false;false;false;false;false;a0nF000000P34hPIAR;a0xF000001OjABVIA3;a15F0000003QQafIAG;a17F000000R17A3IAJ;a0CF000000OdDvhMAF;a0BA000000BkujNMAR;NULL;0051Y00000B9msWQAR;0051Y00000B9msWQAR;;;NULL;FEDERACAO;;;GAS FEDERACAO;Entregando;TV MARIA JOSE;;SALVADOR;BR;VE COMERCIO DE GAS EIRELI;NULL;25317914000101;6;NULL;012A0000000ernRIAQ;a0AF000000KjxfyMAB;SALVADOR;BR;40230-170;BA;"TV MARIA JOSE 6 FEDERACAO ";Pessoa Jurídica;NOVO NEGÓCIO;;;;19500;0012A00002TS2tUQAT
CURITIBA;BR;80540-240;PR;"R SAO PIO X 105 AHU ";80540-240;0003980777;0003980777;ISENTO;ISENTO;;00000000000000000000;NULL;PR;1999-03-31;NULL;Ativo;false;false;false;false;false;false;false;false;false;false;false;false;a0nF000000P34hdIAB;a0xF000001OjABGIA3;a15F0000003QQafIAG;a17F000000R17A3IAJ;a0CF000000OdDvpMAF;a0BA000000BkujyMAB;0054z000009L0aHAAS;0054z000009L0aHAAS;NULL;;;NULL;AHU;;;CONDOMINIO EDIFICIO SAO PIO X;Entregando;R SAO PIO X;11 NOVEMBRO;CURITIBA;BR;CONDOMINIO EDIFICIO SAO PIO X;NULL;03086236000180;105;NULL;012A0000000ernMIAQ;a0AA0000005k9H8MAI;CURITIBA;BR;80540-240;PR;"R SAO PIO X 105 AHU ";Pessoa Jurídica;NOVO NEGÓCIO;;;D;0.00;0014z00001nyK88AAE
SAO PAULO;BR;08440-470;SP;"RUA CRUZ DO ESPIRITO SANTO 360 VILA CHABILANDIA ";08440-470;0001319676;0001319676;ISENTO;ISENTO;;00000000000000000000;NULL;SP;NULL;NULL;Inativo;false;false;false;false;false;false;false;false;false;false;false;false;a0nF000000P34hlIAB;a0xF000001OjAB0IAN;a15F0000003QQaZIAW;a17F000000R17A5IAJ;a0CF000000OdDvpMAF;a0BA000000Bkul4MAB;005F0000001vkhiIAA;005F00000043cxYIAQ;NULL;;;NULL;VILA CHABILANDIA;;;CONDOMINIO RESIDENCIAL LEONARDO DA;Entregando;RUA CRUZ DO ESPIRITO SANTO;;SAO PAULO;BR;CONDOMINIO RESIDENCIAL LEONARDO DA;NULL;05021812000137;360;NULL;012A0000000ernMIAQ;a0AA0000005k9H8MAI;SAO PAULO;BR;08440-470;SP;"RUA CRUZ DO ESPIRITO SANTO 360 VILA CHABILANDIA ";Pessoa Jurídica;;;;B;0;001F000001VYmTzIAL
LONDRINA;BR;86036-590;PR;R ILDEFONSO DOS SANTOS 300 RESIDENCIAL SANTA CLARA;86036-590;0001019594;0001019594;ISENTO;ISENTO;;00000000000000000000;NULL;PR;NULL;NULL;Ativo;false;false;false;false;false;false;false;false;false;false;false;false;a0nF000000P34hdIAB;a0xF000001OjABIIA3;a15F0000003QQafIAG;a17F000000R17A2IAJ;a0CF000000OdDvkMAF;a0BA000000Bkuk3MAB;005F0000003QdNEIA0;005F00000043PLkIAM;NULL;;;NULL;RESIDENCIAL SANTA CLARA;;CS;REINALDO ALCIDES PENHARBEL;Entregando;R ILDEFONSO DOS SANTOS;;LONDRINA;BR;REINALDO ALCIDES PENHARBEL;NULL;48962163934;300;NULL;012A0000000ernMIAQ;a0AA0000005k9HBMAY;LONDRINA;BR;86036-590;PR;R ILDEFONSO DOS SANTOS 300 RESIDENCIAL SANTA CLARA;Pessoa Física;;;;;0.029;001A000000d7DyhIAE
FARROUPILHA;BR;95178-070;RS;AV DAS INDUSTRIAS 400 INDUSTRIAL PAVLH A2;95178-070;0003748846;0003748846;0450110621;ISENTO;;00000000000000000000;NULL;RS;2019-10-04;NULL;Ativo;false;false;false;false;false;false;false;false;false;false;false;false;NULL;a0xF000001OjABKIA3;a15F0000003QQafIAG;a17F000000R17A3IAJ;a0CF000000OdDw6MAF;a0BA000000Bkuj9MAB;005F0000001czmkIAA;005F0000001czmkIAA;NULL;;;NULL;INDUSTRIAL;;PAVLH A2;SOPRANO IND ELETROMETALURGICA EIREL;Entregando;AV DAS INDUSTRIAS;01 JANEIRO;FARROUPILHA;BR;SOPRANO IND ELETROMETALURGICA EIREL;NULL;88634977001850;400;NULL;012A0000000ernMIAQ;a0AA0000005k9H9MAI;FARROUPILHA;BR;95178-070;RS;AV DAS INDUSTRIAS 400 INDUSTRIAL PAVLH A2;Pessoa Jurídica;SUCESSÃO (TROCA TITULARIDADE);;;;0.320;0011Y000031l6cRQAQ
BELO HORIZONTE;BR;30380-342;MG;RUA GUAICUI 700 LUXEMBURGO WOODS SHOPPING;30380-342;0003648073;0003648073;0627053962112;ISENTO;;00000000000000000000;NULL;MG;2018-03-16;NULL;Inativo;false;false;false;false;false;false;false;false;false;false;false;false;a0nF000000P34hoIAB;a0xF000001OjABCIA3;a15F0000003QQafIAG;a17F000000R17A3IAJ;a0CF000000OdDwEMAV;a0BA000000BkujYMAR;005F0000001d3IeIAI;005F0000001d3H2IAI;NULL;;;NULL;LUXEMBURGO;;WOODS SHOPPING;ORGANIZACAO VERDEMAR LTDA;Entregando;RUA GUAICUI;09 SETEMBRO;BELO HORIZONTE;BR;ORGANIZACAO VERDEMAR LTDA;NULL;65124307002193;700;NULL;012A0000000ernMIAQ;a0AA0000005k9HBMAY;BELO HORIZONTE;BR;30380-342;MG;RUA GUAICUI 700 LUXEMBURGO WOODS SHOPPING;Pessoa Jurídica;NOVO NEGÓCIO;;;C;3.6;0012A00002NHVN5QAP
CAMBUI;BR;37600-000;MG;"R CORONEL LAMBERT 761 CENTRO ";37600-000;0003114521;0003114521;0022211070043;ISENTO;;00000000000000000000;NULL;MG;2013-09-11;NULL;Ativo;false;false;false;false;false;false;false;false;false;false;false;false;a0nF000000P34hZIAR;a0xF000001OjAB3IAN;a15F0000003QQafIAG;a17F000000R17A3IAJ;a0CF000000OdDvhMAF;a0BA000000BkukrMAB;NULL;005F0000007hON9IAM;005F0000007hON9IAM;;;NULL;CENTRO;;;SPLASH GAS E AGUA;Retirando;R CORONEL LAMBERT;;CAMBUI;BR;GRG COMERCIO E DIST DE GAS LTDA ME;NULL;18855688000157;761;NULL;012A0000000ernRIAQ;a0AF000000KjxgDMAR;CAMBUI;BR;37600-000;MG;"R CORONEL LAMBERT 761 CENTRO ";Pessoa Jurídica;NOVO NEGÓCIO;;;;00050;001F0000012FNNwIAO
MAIRIPORA;BR;07661-000;SP;ROD FERNAO DIAS 53800 TERRA PRETA TERRA PRETA GALP;05797-000;0003872789;0003872795;433172880110;ISENTO;;00000000000000000000;NULL;SP;2010-03-23;NULL;Ativo;false;false;false;false;false;false;false;false;false;false;false;false;a0nF000000P34hZIAR;a0xF000001OjAB0IAN;a15F0000003QQafIAG;a17F000000R17A3IAJ;a0CF000000OdDvsMAF;a0BA000000BkukoMAB;0051Y00000AvvOtQAJ;0054z000009OyIEAA0;NULL;;;NULL;JARDIM IPÊ;;EE Pres Café Filho;TOP QUALITY ALIMENTACAO LTDA;Entregando;RUA GASTÃO RAUL DE FORTON BOUSQUET;07 JULHO;SAO PAULO;BR;TOP QUALITY ALIMENTACAO LTDA;NULL;11901992000144;401;NULL;012A0000000ernMIAQ;a0AA0000005k9HBMAY;SAO PAULO;BR;05797-000;SP;"RUA GASTÃO RAUL DE FORTON BOUSQUET 401 JARDIM IPÊ ";Pessoa Jurídica;NOVO NEGÓCIO;;;;0.300;0014z00001f62FfAAI
LAURO DE FREITAS;BR;42700-000;BA;R DR GERINO DE SOUZA FILHO  ESTRADA DO COCO FIM DE;42700-000;0003657181;0003657181;ISENTO;ISENTO;;00000000000000000000;NULL;BA;2009-01-13;NULL;Ativo;false;false;false;false;false;false;false;false;false;false;false;false;a0nF000000P34hPIAR;a0xF000001OjABUIA3;a15F0000003QQafIAG;a17F000000R17A0IAJ;a0CF000000OdDvrMAF;a0BA000000BkujLMAR;NULL;005A0000001KwVdIAK;NULL;;;NULL;ESTRADA DO COCO;;FIM DE LINHA DO CAJI;COND PARQUE SOLAR DO BOSQUE;Entregando;R DR GERINO DE SOUZA FILHO;08 AGOSTO;LAURO DE FREITAS;BR;MRV ENGENHARIA E PARTICIPACOES SA;NULL;08343492002254;NULL;NULL;012A0000000ernMIAQ;a0AA0000005k9H8MAI;LAURO DE FREITAS;BR;42700-000;BA;R DR GERINO DE SOUZA FILHO  ESTRADA DO COCO FIM DE;Pessoa Jurídica;NOVO NEGÓCIO;;;;5.000;0012A00002RoZfdQAF
JOAO PESSOA;BR;58038-000;PB;"AV JOAO MAURICIO 675 MANAIRA ";58038-000;0003867458;0003867458;163039224;ISENTO;;00000000000000000000;NULL;PB;2017-10-26;NULL;Ativo;false;false;false;false;false;false;false;false;false;false;false;false;a0nF000000P34hdIAB;a0xF000001OjABYIA3;a15F0000003QQadIAG;a17F000000R17A3IAJ;a0CF000000OdDwCMAV;a0B4z00001PwiLwEAJ;0051Y00000BgLN5QAN;0051Y00000Bf6hSQAR;NULL;;;NULL;MANAIRA;;;GABRIEL HENRIQUE ALVES TAVARES MAGA;Entregando;AV JOAO MAURICIO;07 JULHO;JOAO PESSOA;BR;GABRIEL HENRIQUE ALVES TAVARES MAGA;NULL;28937497000198;675;NULL;012A0000000ernMIAQ;a0AA0000005k9HBMAY;JOAO PESSOA;BR;58038-000;PB;"AV JOAO MAURICIO 675 MANAIRA ";Pessoa Jurídica;NOVO NEGÓCIO;;;C;0.00;0014z00001fDYicAAG
SAO JOSE DOS PINHAIS;BR;83065-370;PR;RUA ANTONIO BIANCHETTI 501 AFONSO PENA TERREO;83065-370;0001963465;0001963465;1050783150;ISENTO;;00000000000000000000;NULL;PR;1995-12-27;NULL;Ativo;false;false;false;false;false;false;false;false;false;false;false;false;a0nF000000P34hPIAR;a0xF000001OjABGIA3;a15F0000003QQafIAG;a17F000000R17A3IAJ;a0CF000000OdDw6MAF;a0BA000000BkujyMAB;005F0000005tiP1IAI;0051Y00000ARvauQAD;NULL;;;NULL;AFONSO PENA;;TERREO;BETA;Entregando;RUA ANTONIO BIANCHETTI;03 MARÇO;SAO JOSE DOS PINHAIS;BR;BETA FERRAMENTARIA E USINAGEM LTDA;NULL;00979768000159;501;NULL;012A0000000ernMIAQ;a0AA0000005k9H9MAI;SAO JOSE DOS PINHAIS;BR;83065-370;PR;RUA ANTONIO BIANCHETTI 501 AFONSO PENA TERREO;Pessoa Jurídica;NOVO NEGÓCIO;;;;0.08;001F000001imJnFIAU
CHAPECO;BR;89801-040;SC;"R RUI BARBOSA E  CENTRO ";89801-040;0003769259;0003769259;ISENTO;ISENTO;;00000000000000000000;NULL;SC;2019-03-06;NULL;Ativo;false;false;false;false;false;false;false;false;false;false;false;false;a0nF000000P34hdIAB;a0xF000001OjABKIA3;a15F0000003QQafIAG;a17F000000R17A3IAJ;a0CF000000OdDvpMAF;a0BA000000BkujCMAR;0051Y00000AYOJaQAP;0051Y00000AYOJaQAP;NULL;;;NULL;CENTRO;;;RESIDENCIAL MAGIRA;Entregando;R RUI BARBOSA E;05 MAIO;CHAPECO;BR;RESIDENCIAL MAGIRA;NULL;34987303000161;NULL;NULL;012A0000000ernMIAQ;a0AA0000005k9H8MAI;CHAPECO;BR;89801-040;SC;"R RUI BARBOSA E  CENTRO ";Pessoa Jurídica;SUCESSÃO (TROCA TITULARIDADE);;;C;0.330;0011Y000035j3QQQAY
BELO HORIZONTE;BR;30840-490;MG;R DESEMBARGADOR JOSE SATYRO 340 CASTELO LOTE 040 Q;30840-490;0001175309;0001175309;ISENTO;ISENTO;;00000000000000000000;NULL;MG;NULL;NULL;Ativo;false;false;false;false;false;false;false;false;false;false;false;false;a0nF000000P34hvIAB;a0xF000001OjABCIA3;a15F0000003QQafIAG;a17F000000R17A3IAJ;a0CF000000OdDvpMAF;a0BA000000BkujYMAR;005F0000007f7eTIAQ;005F0000007f7eTIAQ;NULL;;;NULL;CASTELO;;LOTE 040 QUADRA 067;EDIFICIO CASTELO IDEALE;Entregando;R DESEMBARGADOR JOSE SATYRO;;BELO HORIZONTE;BR;CONDOMINIO DO EDIFICIO CASTELO IDEA;NULL;10377186000156;340;NULL;012A0000000ernMIAQ;a0AA0000005k9H8MAI;BELO HORIZONTE;BR;30840-490;MG;R DESEMBARGADOR JOSE SATYRO 340 CASTELO LOTE 040 Q;Pessoa Jurídica;;;;;0.03;001F000000kRIkTIAW
BELO HORIZONTE;BR;30360-670;MG;"AV RAJA GABAGLIA 4987 SANTA LUCIA ";30575-090;0001188185;0001937333;0622703730097;ISENTO;;00000000000000000000;NULL;MG;NULL;NULL;Inativo;false;false;false;false;false;false;false;false;false;false;false;false;a0nF000000P34hPIAR;a0xF000001OjABCIA3;a15F0000003QQafIAG;a17F000000R17A3IAJ;a0CF000000OdDvqMAF;a0BA000000BkujYMAR;005F00000058bqaIAA;005F0000001d3IpIAI;NULL;;;NULL;BURITIS;;;CONSTRUTORA OLIVEIRA BARBOSA LTDA;Entregando;R FIDELIS MARTINS;;BELO HORIZONTE;BR;CONSTRUTORA OLIVEIRA BARBOSA LTDA;NULL;20518700000180;NULL;NULL;012A0000000ernMIAQ;a0AA0000005k9H9MAI;BELO HORIZONTE;BR;30575-090;MG;"R FIDELIS MARTINS  BURITIS ";Pessoa Jurídica;;;;D;0.67;001F000000n5eNrIAI
GUARULHOS;BR;07111-010;SP;"R SILVIO BARBOSA 427 CAMARGOS ";07111-010;0001037296;0001037296;ISENTO;ISENTO;;00000000000000000000;NULL;SP;NULL;NULL;Ativo;false;false;false;false;true;false;false;false;false;false;false;false;a0nF000000P34hPIAR;a0xF000001OjAB0IAN;a15F0000003QQafIAG;a17F000000R17A2IAJ;a0CF000000OdDvkMAF;a0BA000000Bkul4MAB;005F0000001vkhkIAA;005F0000006F0eaIAC;NULL;;;NULL;CAMARGOS;;;NOBORO TERUIA;Entregando;R SILVIO BARBOSA;;GUARULHOS;BR;NOBORO TERUIA;NULL;20944560806;427;NULL;012A0000000ernMIAQ;a0AA0000005k9HBMAY;GUARULHOS;BR;07111-010;SP;"R SILVIO BARBOSA 427 CAMARGOS ";Pessoa Física;;;;;1.612;001A000000d7DkhIAE
VOLTA REDONDA;BR;27240-560;RJ;"AV DE PAULO ERLEI ALVES ABRANTES 8329 TRES POCOS ";27240-560;0003616429;0003616429;86901757;ISENTO;;00000000000000000000;NULL;RJ;2012-12-17;NULL;Ativo;false;false;false;false;false;false;false;false;false;false;false;false;a0nF000000P34hWIAR;a0xF000001OjAB8IAN;a15F0000003QQafIAG;a17F000000R17A3IAJ;a0CF000000OdDvoMAF;a0BA000000Bkuk8MAB;0054z00000AKBnxAAH;0054z00000AKBnxAAH;NULL;;;NULL;TRES POCOS;;;MERCADO DAS BEBIDAS;Entregando;AV DE PAULO ERLEI ALVES ABRANTES;12 DEZEMBRO;VOLTA REDONDA;BR;SILVIA DIAS GOMES;NULL;17308555000106;8329;NULL;012A0000000ernMIAQ;a0AA0000005k9HBMAY;VOLTA REDONDA;BR;27240-560;RJ;"AV DE PAULO ERLEI ALVES ABRANTES 8329 TRES POCOS ";Pessoa Jurídica;NOVO NEGÓCIO;;;;0;0012A00002HIycMQAT
CAMPINAS;BR;13073-370;SP;"RUA DONA JOANA DE GUSMAO 65 JARDIM GUANABARA ";13073-370;0003700556;0003700556;795582480116;ISENTO;;00000000000000000000;NULL;SP;2015-03-24;NULL;Ativo;false;false;false;false;false;false;false;false;false;false;false;false;a0nF000000P34hZIAR;a0xF000001OjAB6IAN;a15F0000003QQafIAG;a17F000000R17A3IAJ;a0CF000000OdDw3MAF;a0BA000000Bkul7MAB;005F0000002M8OYIA0;005F0000005NnziIAC;NULL;;;NULL;JARDIM GUANABARA;;;EMPORIO FAZENDA;Entregando;RUA DONA JOANA DE GUSMAO;05 MAIO;CAMPINAS;BR;ELISE SCHEMBERG 98054996004;NULL;22107780000106;65;NULL;012A0000000ernMIAQ;a0AA0000005k9HBMAY;CAMPINAS;BR;13073-370;SP;"RUA DONA JOANA DE GUSMAO 65 JARDIM GUANABARA ";Pessoa Jurídica;NOVO NEGÓCIO;;;;0.045;0011Y00002q2hD5QAI
TERESÓPOLIS;BR;25954-250;RJ;RUA TUPINAMBÁS 28 MEUDON PASSANDO A IGREJA ADVENTI;25954-250;0003993965;0003993965;ISENTO;ISENTO;;00000000000000000000;NULL;RJ;NULL;NULL;Ativo;false;false;false;false;false;false;false;false;false;false;false;false;a0nF000000P34hVIAR;NULL;a15F0000003QQafIAG;0124z000000xUSCAA2;a0CF000000OdDvkMAF;a0BA000000Bkuk9MAB;005A0000001beprIAA;005A0000001beprIAA;NULL;;;NULL;MEUDON;;PASSANDO A IGREJA ADVENTISTA DO MEU DOM;Marcos Paulo Alves Ciqueira;Entregando;RUA TUPINAMBÁS;;TERESÓPOLIS;BR;Marcos Paulo Alves Ciqueira;NULL;06307458976;28;NULL;012A0000000ernMIAQ;a0AA0000005k9H8MAI;TERESÓPOLIS;BR;25954-250;RJ;RUA TUPINAMBÁS 28 MEUDON PASSANDO A IGREJA ADVENTI;Pessoa Física;;;;;00000;B2C20230109123028
PAUDALHO;BR;55825-000;PE;RUA UM 660 DISTRITO NOVA GUADALAJARA GRANJA CAROLI;55825-000;0003499405;0003499405;060963875;ISENTO;;00000000000000000000;NULL;PE;2015-01-29;NULL;Inativo;false;false;false;false;false;false;false;false;false;false;false;false;NULL;NULL;NULL;a17F000000R17A0IAJ;a0CF000000OdDvqMAF;a0B4z00001PwiM6EAJ;NULL;005A0000001KwVdIAK;NULL;;;NULL;DISTRITO NOVA GUADALAJARA;;GRANJA CAROLINA;LIDER PRE FABRICADOS;;RUA UM;08 AGOSTO;PAUDALHO;BR;LIDER PRÉ FABR DE CIM EIRELLI;NULL;02046455000254;660;NULL;012A0000000ernMIAQ;a0AA0000005k9H9MAI;PAUDALHO;BR;55825-000;PE;RUA UM 660 DISTRITO NOVA GUADALAJARA GRANJA CAROLI;Pessoa Jurídica;NOVO NEGÓCIO;;WALTER LOPES;E;400.0;001F000001rEDJJIA4
SAO MIGUEL;BR;59920-000;RN;RUA MOREIRA FILHO 179 CENTRO PADARIA PAO QUENTE;59920-000;0003560017;0003560017;204458056;ISENTO;;00000000000000000000;NULL;RN;2016-02-29;NULL;Inativo;false;false;false;false;false;false;false;false;false;false;false;false;a0nF000000P34hZIAR;a0xF000001OjABYIA3;a15F0000003QQafIAG;a17F000000R17A3IAJ;a0CF000000OdDwEMAV;a0B4z00001PwiM1EAJ;005F0000002GsmqIAC;0052A000009LAW4QAO;NULL;;;NULL;CENTRO;;PADARIA PAO QUENTE;PAO QUENTE;Entregando;RUA MOREIRA FILHO;01 JANEIRO;SAO MIGUEL;BR;RIBEIRO E BARROS LTDA ME;NULL;24271343000159;179;NULL;012A0000000ernMIAQ;a0AA0000005k9HBMAY;SAO MIGUEL;BR;59920-000;RN;RUA MOREIRA FILHO 179 CENTRO PADARIA PAO QUENTE;Pessoa Jurídica;NOVO NEGÓCIO;;;D;0;0012A000026IBX0QAO
APARECIDA DE GOIANIA;BR;74917-500;GO;R JAMUNDA  JD MONT SERRAT QUADRA41 LOTE 10;74917-500;0001106902;0001106902;104537779;ISENTO;;00000000000000000000;NULL;GO;NULL;NULL;Ativo;false;false;false;false;false;false;false;false;false;false;false;false;a0nF000000P34hPIAR;a0xF000001OjABOIA3;a15F0000003QQafIAG;a17F000000R17A3IAJ;a0CF000000OdDw6MAF;a0BA000000BkuivMAB;005F0000001vq03IAA;005F0000001vq03IAA;NULL;;;NULL;JD MONT SERRAT;;QUADRA41 LOTE 10;PANIFICADORA E MERCEARIA JOTAGE;Entregando;R JAMUNDA;;APARECIDA DE GOIANIA;BR;JOAO NAIR DE MORAIS ME;NULL;11105417000135;NULL;NULL;012A0000000ernMIAQ;a0AA0000005k9H9MAI;APARECIDA DE GOIANIA;BR;74917-500;GO;R JAMUNDA  JD MONT SERRAT QUADRA41 LOTE 10;Pessoa Jurídica;;;;;00000;001A000000d7UDEIA2
VITORIA;BR;29050-420;ES;AV AMERICO BUAIZ ED SHOPPING VITORIA 200 ENSEADA D;29050-420;0001110723;0001110723;081576455;ISENTO;;00000000000000000000;NULL;ES;NULL;NULL;Inativo;false;false;false;false;false;false;false;false;false;false;false;false;NULL;a0xF000001OjABAIA3;a15F0000003QQafIAG;a17F000000R17A3IAJ;a0CF000000OdDwCMAV;a0BA000000BkukgMAB;005F0000005Nk2rIAC;0052A000008OXH3QAO;NULL;;;NULL;ENSEADA DO SUA;;LOJA 265;PIZZARIA D AMPEZZO LTDA EPP;Entregando;AV AMERICO BUAIZ ED SHOPPING VITORIA;;VITORIA;BR;PIZZARIA D AMPEZZO LTDA EPP;NULL;39275789000129;200;NULL;012A0000000ernMIAQ;a0AA0000005k9HBMAY;VITORIA;BR;29050-420;ES;AV AMERICO BUAIZ ED SHOPPING VITORIA 200 ENSEADA D;Pessoa Jurídica;;;;;0;001A000000d7MSlIAM
DUQUE DE CAXIAS;BR;25250-000;RJ;"R PASTOR MANOEL AVELINO DE SOUZA 10 XEREM ";25250-000;0001275372;0001275372;86640260;ISENTO;;00000000000000000000;NULL;RJ;NULL;NULL;Ativo;false;false;false;false;false;false;false;false;false;false;false;false;a0nF000000P34hZIAR;a0xF000001OjAB8IAN;a15F0000003QQafIAG;a17F000000R17A3IAJ;a0CF000000OdDwCMAV;a0BA000000Bkuk9MAB;005F0000001xi6HIAQ;0052A000008NCOuQAO;NULL;;;NULL;XEREM;;;REIFFS RESTAURANTE LTDA ME;Entregando;R PASTOR MANOEL AVELINO DE SOUZA;04 ABRIL;DUQUE DE CAXIAS;BR;REIFFS RESTAURANTE LTDA ME;NULL;19650900000102;10;NULL;012A0000000ernMIAQ;a0AA0000005k9HBMAY;DUQUE DE CAXIAS;BR;25250-000;RJ;"R PASTOR MANOEL AVELINO DE SOUZA 10 XEREM ";Pessoa Jurídica;;;;A;0.36;001F0000015egMiIAI
CAMPO FLORIDO;BR;38130-000;MG;"RUA EVALDA ROCHA OLIVEIRA 43 RECANTO DAS FLORES ";38130-000;0003828429;0003828429;1142962560127;181/2020;;00000000000000000000;NULL;MG;2020-05-25;NULL;Ativo;false;false;false;false;false;false;false;false;false;false;false;false;a0nF000000P34hPIAR;a0xF000001OjABFIA3;a15F0000003QQafIAG;a17F000000R17A3IAJ;a0CF000000OdDvgMAF;a0BA000000BkujWMAR;NULL;0054z000009NFXqAAO;0054z000009NFXqAAO;;;NULL;RECANTO DAS FLORES;;;HILDO SUPER GAS;Entregando;RUA EVALDA ROCHA OLIVEIRA;;CAMPO FLORIDO;BR;HILDO BATISTA DA SILVA EIRELI;NULL;16788077000299;43;NULL;012A0000000ernRIAQ;a0AF000000KjxfyMAB;CAMPO FLORIDO;BR;38130-000;MG;"RUA EVALDA ROCHA OLIVEIRA 43 RECANTO DAS FLORES ";Pessoa Jurídica;NOVO NEGÓCIO;;;;0;0014z00001ckCENAA2
BRASILIA;BR;72120-045;DF;"Q CND 4  TAGUATINGA NORTE TAGUATINGA LOTE 20 LOJA ";72120-045;0001303408;0001303408;0770719000101;ISENTO;;00000000000000000000;NULL;DF;NULL;NULL;Inativo;false;false;false;false;false;false;false;false;false;false;false;false;a0nF000000P34hdIAB;a0xF000001OjABMIA3;a15F0000003QQafIAG;a17F000000R17A3IAJ;a0CF000000OdDwCMAV;a0BA000000BkuiyMAB;005F00000029obNIAQ;0051Y00000BfFN7QAN;NULL;;;NULL;TAGUATINGA NORTE TAGUATINGA;;LOTE 20 LOJA 07 E 08;FURUCHO S RISOTOS E MASSAS;Entregando;Q CND 4;02 FEVEREIRO;BRASILIA;BR;D2L RESTAURANTE EIRELI ME;NULL;21703230000197;NULL;NULL;012A0000000ernMIAQ;a0AA0000005k9HBMAY;BRASILIA;BR;72120-045;DF;"Q CND 4  TAGUATINGA NORTE TAGUATINGA LOTE 20 LOJA ";Pessoa Jurídica;;;;D;0;001F000001MbH7XIAV
LAURO DE FREITAS;BR;42700-000;BA;R A 593 AREIA BRANCA LOT CHACARAS CIAMAR;42700-000;0000331199;0000331199;ISENTO;ISENTO;;00000000000000000000;NULL;BA;NULL;NULL;Inativo;false;false;false;false;false;false;false;false;false;false;false;false;a0nF000000P34hPIAR;a0xF000001OjABUIA3;a15F0000003QQafIAG;a17F000000R17A3IAJ;a0CF000000OdDvqMAF;a0BA000000BkujLMAR;005F0000001wHAMIA2;005F0000001wHAQIA2;NULL;;;NULL;AREIA BRANCA;;LOT CHACARAS CIAMAR;CONSTRUTORA LUSTOZA;Entregando;R A;;LAURO DE FREITAS;BR;CONSTRUTORA LUSTOZA LTDA;NULL;01785355000104;593;NULL;012A0000000ernMIAQ;a0AA0000005k9H9MAI;LAURO DE FREITAS;BR;42700-000;BA;R A 593 AREIA BRANCA LOT CHACARAS CIAMAR;Pessoa Jurídica;;;;;00015;001A000000dGXEoIAO
SALVADOR;BR;40717-308;BA;"R SAO FELIX 38 PLATAFORMA ";40717-308;0003633487;0003633487;078690898;ISENTO;;00000000000000000000;NULL;BA;2008-09-22;NULL;Inativo;false;false;false;false;false;false;false;false;false;false;false;false;a0nF000000P34hPIAR;a0xF000001OjABVIA3;a15F0000003QQafIAG;a17F000000R17A3IAJ;a0CF000000OdDvhMAF;a0BA000000BkujNMAR;NULL;0052A00000965AjQAI;0052A00000965AjQAI;;;NULL;PLATAFORMA;;;BARIRI GAS;Entregando;R SAO FELIX;;SALVADOR;BR;ARMANDO LOPES DA CRUZ;NULL;10423147000148;38;NULL;012A0000000ernRIAQ;a0AF000000KjxfyMAB;SALVADOR;BR;40717-308;BA;"R SAO FELIX 38 PLATAFORMA ";Pessoa Jurídica;NOVO NEGÓCIO;;;;19500;0012A00002LWD1FQAX
PRAIA GRANDE;BR;11700-310;SP;"RUA HEITOR SANCHES 551 CANTO DO FORTE ESQUINA COM ";11700-310;0003704529;0003704529;558502156114;ISENTA;;00000000000000000000;NULL;SP;2019-06-03;NULL;Ativo;false;false;false;false;false;false;false;false;false;false;false;false;a0nF000000P34hdIAB;a0xF000001OjAB0IAN;a15F0000003QQafIAG;a17F000000R17A3IAJ;a0CF000000OdDwCMAV;a0BA000000BkulCMAR;0051Y00000AErQBQA1;005F0000004VfirIAC;NULL;;;NULL;CANTO DO FORTE;;ESQUINA COM A MALLET;OHATA SUHI;Entregando;RUA HEITOR SANCHES;06 JUNHO;PRAIA GRANDE;BR;MALLET SUSHI RESTAURANTE EIRELI;NULL;33818974000136;551;NULL;012A0000000ernMIAQ;a0AA0000005k9HBMAY;PRAIA GRANDE;BR;11700-310;SP;"RUA HEITOR SANCHES 551 CANTO DO FORTE ESQUINA COM ";Pessoa Jurídica;NOVO NEGÓCIO;;;C;0.600;0011Y00002q4JcsQAE
CURITIBA;BR;80320-310;PR;"R TABAJARAS  VILA IZABEL ";80320-310;0001937733;0001937733;ISENTO;ISENTO;;00000000000000000000;NULL;PR;NULL;NULL;Ativo;false;false;false;false;false;false;false;false;false;false;false;false;a0nF000000P34hdIAB;a0xF000001OjABGIA3;a15F0000003QQafIAG;a17F000000R17A0IAJ;a0CF000000OdDvpMAF;a0BA000000BkujyMAB;NULL;005A0000001KwVdIAK;NULL;;;NULL;VILA IZABEL;;;CONDOMINIO EDIFICIO SOLEDADE;Entregando;R TABAJARAS;11 NOVEMBRO;CURITIBA;BR;CONDOMINIO EDIFICIO SOLEDADE;NULL;72464076000189;NULL;NULL;012A0000000ernMIAQ;a0AA0000005k9H8MAI;CURITIBA;BR;80320-310;PR;"R TABAJARAS  VILA IZABEL ";Pessoa Jurídica;;;;;0.178;001F000001WmO8vIAF
JOAO PESSOA;BR;58040-040;PB;"AVENIDA JULIA FREIRE 1025 TORRE ";58040-040;0003657435;0003657435;163213259;ISENTO;;00000000000000000000;NULL;PB;2018-07-30;NULL;Ativo;false;false;false;false;false;false;false;false;false;false;false;false;a0nF000000P34hdIAB;a0xF000001OjABYIA3;a15F0000003QQafIAG;a17F000000R17A3IAJ;a0CF000000OdDw9MAF;a0B4z00001PwiLwEAJ;005F0000005NSRKIA4;0051Y00000Bf6hSQAR;NULL;;;NULL;TORRE;;;PADARIA SUPER PAO;Entregando;AVENIDA JULIA FREIRE;08 AGOSTO;JOAO PESSOA;BR;PADARIA SUPER PAO LTDA;NULL;31054767000127;1025;NULL;012A0000000ernMIAQ;a0AA0000005k9HBMAY;JOAO PESSOA;BR;58040-040;PB;"AVENIDA JULIA FREIRE 1025 TORRE ";Pessoa Jurídica;NOVO NEGÓCIO;;;C;0.32;0012A00002Roz3PQAR
SAO JOAO DO MANHUACU;BR;36918-000;MG;ROD BR 116 613 ZONA RURAL KM 613;36918-000;0000880287;0000880287;7600855130008;ISENTO;;00000000000000000000;NULL;MG;NULL;NULL;Inativo;false;false;false;false;false;false;false;false;false;false;false;false;a0nF000000P34hPIAR;a0xF000001OjABCIA3;a15F0000003QQafIAG;a17F000000R17A3IAJ;NULL;a0BA000000BkujcMAB;NULL;005A0000001KwVdIAK;NULL;;;NULL;ZONA RURAL;;KM 613;CHURRASCARIA RODIZIO GAUCHO LTDA ME;Entregando;ROD BR 116;;SAO JOAO DO MANHUACU;BR;CHURRASCARIA RODIZIO GAUCHO LTDA ME;NULL;03894457000185;613;NULL;012A0000000ernMIAQ;a0AA0000005k9HBMAY;SAO JOAO DO MANHUACU;BR;36918-000;MG;ROD BR 116 613 ZONA RURAL KM 613;Pessoa Jurídica;;;;;00000;001A000000d7a97IAA
NOVO HAMBURGO;BR;93510-340;RS;"R AUGUSTO JUNG 101 CENTRO ";93510-340;0000014518;0000014518;ISENTO;ISENTO;;00000000000000000000;NULL;RS;NULL;NULL;Inativo;false;false;false;false;false;false;false;false;false;false;false;false;a0nF000000P34hPIAR;a0xF000001OjABKIA3;a15F0000003QQafIAG;a17F000000R17A3IAJ;a0CF000000OdDvpMAF;a0BA000000BkuizMAB;;005F0000001czliIAA;NULL;;;NULL;CENTRO;;;PLAZA ELDORADO;Entregando;R AUGUSTO JUNG;09 SETEMBRO;NOVO HAMBURGO;BR;COND EDIFICIO RESIDENCIAL PLAZA ELD;NULL;01984044000166;101;NULL;012A0000000ernMIAQ;a0AA0000005k9H8MAI;NOVO HAMBURGO;BR;93510-340;RS;"R AUGUSTO JUNG 101 CENTRO ";Pessoa Jurídica;;;;A;1.371;001A000000d7bbaIAA
ITABORAI;BR;24813-207;RJ;RUA DUARTE LOPES  RETIRO SAO JOAQUIM QUADRA 75 LOT;24813-207;0003561187;0003561187;87261603;ISENTO;;00000000000000000000;NULL;RJ;2016-10-14;NULL;Inativo;false;false;false;false;false;false;false;false;false;false;false;false;a0nF000000P34hoIAB;a0xF000001OjAB8IAN;a15F0000003QQaaIAG;a17F000000R17A3IAJ;a0CF000000OdDvmMAF;a0BA000000BkukCMAR;0051Y00000BgRtbQAF;0051Y00000BgRtbQAF;NULL;;;NULL;RETIRO SAO JOAQUIM;;QUADRA 75 LOTE 29;ADS;Entregando;RUA DUARTE LOPES;02 FEVEREIRO;ITABORAI;BR;ADS COMPRA E VENDA DE SUCATA EIRELI;NULL;26352454000115;NULL;NULL;012A0000000ernMIAQ;a0AA0000005k9HBMAY;ITABORAI;BR;24813-207;RJ;RUA DUARTE LOPES  RETIRO SAO JOAQUIM QUADRA 75 LOT;Pessoa Jurídica;NOVO NEGÓCIO;;;E;0.06;0012A000026IsQ8QAK
ITABIRA;BR;35900-009;MG;RUA AGUA SANTA 107 CENTRO B;35900-009;0003635522;0003635522;0026769450070;ISENTO;;00000000000000000000;NULL;MG;2015-12-17;NULL;Ativo;false;false;false;false;false;false;false;false;false;false;false;false;a0nF000000P34hWIAR;a0xF000001OjABCIA3;a15F0000003QQafIAG;a17F000000R17A3IAJ;a0CF000000OdDwCMAV;a0BA000000BkujZMAR;0051Y00000AVtedQAD;005F0000002GclmIAC;NULL;;;NULL;CENTRO;;B;IMPERIO LANCHES;Entregando;RUA AGUA SANTA;09 SETEMBRO;ITABIRA;BR;GEIGIANA APARECIDA VALADARES 119639;NULL;23859488000102;107;NULL;012A0000000ernMIAQ;a0AA0000005k9HBMAY;ITABIRA;BR;35900-009;MG;RUA AGUA SANTA 107 CENTRO B;Pessoa Jurídica;NOVO NEGÓCIO;;;;0;0012A00002LXnceQAD
ARAUCARIA;BR;83707-440;PR;"RODOVIA BR-476 894 THOMAZ COELHO ";83707-440;0003992141;0003992141;ISENTO;ISENTO;;00000000000000000000;NULL;PR;1969-04-18;NULL;Ativo;false;false;false;false;false;false;false;false;false;false;false;false;a0nF000000P34hYIAR;a0xF000001OjABGIA3;a15F0000003QQafIAG;a17F000000R17A2IAJ;a0CF000000OdDvgMAF;a0BA000000BkujyMAB;0052A000009LHnHQAW;0052A000009LHnHQAW;NULL;;;NULL;THOMAZ COELHO;;;CLOVIS INACIO DE SOUZA;Entregando;RODOVIA BR-476;12 DEZEMBRO;ARAUCARIA;BR;CLOVIS INACIO DE SOUZA;NULL;72963190972;894;NULL;012A0000000ernMIAQ;a0AA0000005k9H8MAI;ARAUCARIA;BR;83707-440;PR;"RODOVIA BR-476 894 THOMAZ COELHO ";Pessoa Física;NOVO NEGÓCIO;;;D;0.260;0014z00001pWEOoAAO
BELO HORIZONTE;BR;30430-200;MG;R MAL BITENCOURT 987 GUTIERREZ APT 401;30430-200;0000998943;0000998943;ISENTO;ISENTO;;00000000000000000000;NULL;MG;NULL;NULL;Ativo;false;false;false;false;false;false;false;false;false;false;false;false;a0nF000000P34i5IAB;a0xF000001OjABCIA3;a15F0000003QQafIAG;a17F000000R17A2IAJ;a0CF000000OdDvkMAF;a0BA000000BkujYMAR;005F0000007f7eTIAQ;005F0000007f7eTIAQ;NULL;;;NULL;GUTIERREZ;;APT 401;" REGINA ANGELICA ARANTES LANZA";Entregando;R MAL BITENCOURT;;BELO HORIZONTE;BR;" REGINA ANGELICA ARANTES LANZA";NULL;68233000604;987;NULL;012A0000000ernMIAQ;a0AA0000005k9HBMAY;BELO HORIZONTE;BR;30430-200;MG;R MAL BITENCOURT 987 GUTIERREZ APT 401;Pessoa Física;;;;;0;001A000000d7FP0IAM
GOIANIA;BR;74533-150;GO;"R 255 628 SETOR COIMBRA ";74533-150;0003984357;0003984357;102796866;ISENTO;;00000000000000000000;NULL;GO;1973-04-06;NULL;Ativo;false;false;false;false;false;false;false;false;false;false;false;false;a0nF000000P34hdIAB;a0xF000001OjABOIA3;a15F0000003QQafIAG;a17F000000R17A3IAJ;a0CF000000OdDwDMAV;a0BA000000BkuivMAB;005F0000002l9qJIAQ;005F0000002l9qJIAQ;NULL;;;NULL;SETOR COIMBRA;;;ASSOCIACAO DE PAIS E AMIGOS DOS EXC;Entregando;R 255;10 OUTUBRO;GOIANIA;BR;ASSOCIACAO DE PAIS E AMIGOS DOS EXC;NULL;01240688000140;628;NULL;012A0000000ernMIAQ;a0AA0000005k9HBMAY;GOIANIA;BR;74533-150;GO;"R 255 628 SETOR COIMBRA ";Pessoa Jurídica;NOVO NEGÓCIO;;;D;0.00;0014z00001nz1LjAAI
SANTA MARIA DE JETIBA;BR;29645-000;ES;"EST SANTA MARIA X RECREIO  ZONA RURAL SANTA MARIA ";29645-000;0002744676;0002744676;ISENTO;ISENTO;;00000000000000000000;NULL;ES;1968-08-27;NULL;Ativo;false;false;false;false;true;false;false;false;false;false;false;false;a0nF000000P34hZIAR;a0xF000001OjABAIA3;a15F0000003QQafIAG;a17F000000R17A2IAJ;a0CF000000OdDvjMAF;a0BA000000BkukgMAB;005A0000001bef8IAA;005A0000001beeyIAA;NULL;;;NULL;ZONA RURAL SANTA MARIA DE JETIBA;;;VOLKMAR BERGER;Entregando;EST SANTA MARIA X RECREIO;07 JULHO;SANTA MARIA DE JETIBA;BR;VOLKMAR BERGER;NULL;88138453753;NULL;NULL;012A0000000ernMIAQ;a0AA0000005k9HAMAY;SANTA MARIA DE JETIBA;BR;29645-000;ES;"EST SANTA MARIA X RECREIO  ZONA RURAL SANTA MARIA ";Pessoa Física;NOVO NEGÓCIO;;;B;1.2;001F000001osZhTIAU
SAO JOSE DE RIBAMAR;BR;65110-000;MA;"AV ATLANTICA 10 PRAIA DA PONT GROSSA ";65110-000;0001163665;0001163665;ISENTO;ISENTO;;00000000000000000000;NULL;MA;NULL;NULL;Inativo;false;false;false;false;false;false;false;false;false;false;false;false;a0nF000000P34hlIAB;a0xF000001OjABcIAN;a15F0000003QQafIAG;a17F000000R17A3IAJ;a0CF000000OdDvpMAF;a0BA000000BkujGMAR;;005F00000040CrrIAE;NULL;;;NULL;PRAIA DA PONT GROSSA;;;CONDOMINIO RESIDENCIAL SAINT TROPEZ;Entregando;AV ATLANTICA;;SAO JOSE DE RIBAMAR;BR;CONDOMINIO RESIDENCIAL SAINT TROPEZ;NULL;07561088000160;10;NULL;012A0000000ernMIAQ;a0AA0000005k9H8MAI;SAO JOSE DE RIBAMAR;BR;65110-000;MA;"AV ATLANTICA 10 PRAIA DA PONT GROSSA ";Pessoa Jurídica;;;;D;0;001F000000gUlIDIA0
VITORINO;BR;85520-000;PR;"SITIO MENIN SN ZONA RURAL  LINHA SAO VALENTIN ";85520-000;0001937143;0001937143;9525596130;ISENTO;;00000000000000000000;NULL;PR;NULL;NULL;Ativo;false;false;false;false;false;false;false;false;false;false;false;false;a0nF000000P34hdIAB;a0xF000001OjABGIA3;a15F0000003QQafIAG;a17F000000R17A0IAJ;a0CF000000OdDvjMAF;a0BA000000Bkuk0MAB;NULL;005A0000001KwVdIAK;NULL;;;NULL;LINHA SAO VALENTIN;;;PAULO MENIN;Entregando;SITIO MENIN SN ZONA RURAL;;VITORINO;BR;PAULO MENIN;NULL;47359250900;NULL;NULL;012A0000000ernMIAQ;a0AA0000005k9HAMAY;VITORINO;BR;85520-000;PR;"SITIO MENIN SN ZONA RURAL  LINHA SAO VALENTIN ";Pessoa Física;;;;;00002;001F000001WmXLJIA3
VACARIA;BR;95200-001;RS;"RUA BORGES DE MEDEIROS 1674 CENTRO ";95200-001;0003653522;0003653522;ISENTO;ISENTO;;00000000000000000000;NULL;RS;1951-06-30;NULL;Inativo;false;false;false;false;false;false;false;false;false;false;false;false;a0nF000000P34hdIAB;a0xF000001OjABKIA3;a15F0000003QQafIAG;a17F000000R17A2IAJ;a0CF000000OdDvkMAF;a0BA000000Bkuj9MAB;005F0000006CJKTIA4;0052A000008Ob4wQAC;NULL;;;NULL;CENTRO;;;RESIDENCIAL MALBEC;Entregando;RUA BORGES DE MEDEIROS;08 AGOSTO;VACARIA;BR;PEDRINHO MOLON;NULL;11514183072;1674;NULL;012A0000000ernMIAQ;a0AA0000005k9H8MAI;VACARIA;BR;95200-001;RS;"RUA BORGES DE MEDEIROS 1674 CENTRO ";Pessoa Física;NOVO NEGÓCIO;;;E;0.74;0012A00002KVOTnQAP
BARUERI;BR;06416-180;SP;RUA GUARANTAM 103 103 VILA ENGENHO NOVO LOJA 1;06416-180;0003993058;0003767272;206831411119;ISENTO;;00000000000000000000;NULL;SP;2022-12-21;NULL;Ativo;false;false;false;false;false;false;false;false;false;false;false;false;a0nF000000P34hlIAB;a0xF000001OjAB0IAN;a15F0000003QQafIAG;a17F000000R17A3IAJ;a0CF000000OdDwEMAV;a0BA000000BkukoMAB;;;NULL;;;NULL;VILA ENGENHO NOVO;;LOJA 1;48.950.536 MAGNA RAISSA QUIRINO MAT;Entregando;RUA GUARANTAM;01 JANEIRO;BARUERI;BR;48.950.536 MAGNA RAISSA QUIRINO MAT;NULL;48950536000102;103;NULL;012A0000000ernMIAQ;a0AA0000005k9HBMAY;BARUERI;BR;06416-180;SP;RUA GUARANTAM 103 VILA ENGENHO NOVO LOJA 1;Pessoa Jurídica;SUCESSÃO (TROCA TITULARIDADE);;;D;0.00;0014z00001pWZEbAAO
BELO HORIZONTE;BR;30330-210;MG;R SAGARANA 143 SAO PEDRO APT 301;30330-210;0001931147;0001931147;ISENTO;ISENTO;;00000000000000000000;NULL;MG;NULL;NULL;Ativo;false;false;false;false;false;false;false;false;false;false;false;false;a0nF000000P34hWIAR;a0xF000001OjABCIA3;a15F0000003QQafIAG;a17F000000R17A2IAJ;a0CF000000OdDvkMAF;a0BA000000BkujYMAR;005F0000007f7eTIAQ;005F0000007f7eTIAQ;NULL;;;NULL;SAO PEDRO;;APT 301;LILIANE COSTA CRUZ FONSECA;Entregando;R SAGARANA;;BELO HORIZONTE;BR;LILIANE COSTA CRUZ FONSECA;NULL;88189120620;143;NULL;012A0000000ernMIAQ;a0AA0000005k9H8MAI;BELO HORIZONTE;BR;30330-210;MG;R SAGARANA 143 SAO PEDRO APT 301;Pessoa Física;;;;;00000;001F000000luYnCIAU
RIO DE JANEIRO;BR;22610-002;RJ;"EST DA GAVEA 636 SAO CONRADO ";22610-002;0000938959;0000938959;77027840;ISENTO;;00000000000000000000;NULL;RJ;NULL;NULL;Ativo;false;false;false;false;false;false;false;false;false;false;false;false;a0nF000000P34hjIAB;a0xF000001OjAB8IAN;a15F0000003QQafIAG;a17F000000R17A3IAJ;a0CF000000OdDwCMAV;a0BA000000Bkuk9MAB;005F0000005t4AaIAI;005F0000001xjOCIAY;NULL;;;NULL;SAO CONRADO;;;ZONA ZEN;Entregando;EST DA GAVEA;06 JUNHO;RIO DE JANEIRO;BR;RESTAURANTE ENCONTRO SAO CONRADO EI;NULL;03773880000127;636;NULL;012A0000000ernMIAQ;a0AA0000005k9HBMAY;RIO DE JANEIRO;BR;22610-002;RJ;"EST DA GAVEA 636 SAO CONRADO ";Pessoa Jurídica;;;;;0.538;001A000000d7cpfIAA
CHAPECO;BR;89801-000;SC;R D 165 EFPAI D LOTE CAMPINAS II;89801-000;0001223237;0001223237;ISENTO;ISENTO;;00000000000000000000;NULL;SC;NULL;NULL;Ativo;false;false;false;false;false;false;false;false;false;false;false;false;a0nF000000P34hjIAB;a0xF000001OjABKIA3;a15F0000003QQafIAG;a17F000000R17A3IAJ;a0CF000000OdDvpMAF;a0BA000000BkujCMAR;005F0000005BrsZIAS;0051Y00000AYOJaQAP;NULL;;;NULL;EFPAI;;D LOTE CAMPINAS II;RESIDENCIAL CLOS APALTA;Entregando;R D;07 JULHO;CHAPECO;BR;CONDOMINIO RESIDENCIAL CLOS APALTA;NULL;14874748000128;165;NULL;012A0000000ernMIAQ;a0AA0000005k9H8MAI;CHAPECO;BR;89801-000;SC;R D 165 EFPAI D LOTE CAMPINAS II;Pessoa Jurídica;;;;C;0.053;001F000000r1rf9IAA
VITORIA;BR;29050-420;ES;AV AMERICO BUAIZ 200 ENSEADA DO SUA LOJA 266 S VIT;29050-420;0001110729;0001110729;081929005;ISENTO;;00000000000000000000;NULL;ES;NULL;NULL;Inativo;false;false;false;false;false;false;false;false;false;false;false;false;NULL;a0xF000001OjABAIA3;a15F0000003QQafIAG;a17F000000R17A3IAJ;a0CF000000OdDwCMAV;a0BA000000BkukgMAB;005F0000005Nk2rIAC;0052A000008OXH3QAO;NULL;;;NULL;ENSEADA DO SUA;;LOJA 266 S VITORIA;EL RACHID ALIMENTOS LTDA EPP;Entregando;AV AMERICO BUAIZ;;VITORIA;BR;EL RACHID ALIMENTOS LTDA EPP;NULL;02182516000120;200;NULL;012A0000000ernMIAQ;a0AA0000005k9HBMAY;VITORIA;BR;29050-420;ES;AV AMERICO BUAIZ 200 ENSEADA DO SUA LOJA 266 S VIT;Pessoa Jurídica;;;;;0;001A000000d7MyjIAE
MANDAGUARI;BR;86975-000;PR;"RUA CARLOS ABIALE 29 POPULAR 02 ";86975-000;0000271463;0000271463;7020001733;ISENTO;;00000000000000000000;NULL;PR;NULL;NULL;Inativo;false;false;false;false;false;false;false;false;false;false;false;false;a0nF000000P34hPIAR;a0xF000001OjABJIA3;a15F0000003QQafIAG;a17F000000R17A3IAJ;a0CF000000OdDvgMAF;a0BA000000Bkuk3MAB;NULL;005A0000001KwVdIAK;NULL;;;NULL;POPULAR 02;;;MERCEARIA DO JACARE LTDA;Retirando;RUA CARLOS ABIALE;;MANDAGUARI;BR;MERCEARIA DO JACARE LTDA;NULL;79061727000139;29;NULL;012A0000000ernRIAQ;a0AF000000KjxfyMAB;MANDAGUARI;BR;86975-000;PR;"RUA CARLOS ABIALE 29 POPULAR 02 ";Pessoa Jurídica;;;;;0;001F000000qFVDrIAO
SAO LUIS;BR;65099-110;MA;AV DOS HOLANDESES  PONTA DO FAROL QD VIII LT 6 A 1;65099-110;0000992166;0000992166;122083571;ISENTO;;00000000000000000000;NULL;MA;NULL;NULL;Inativo;false;false;false;false;false;false;false;false;false;false;false;false;a0nF000000P34hPIAR;a0xF000001OjABcIAN;a15F0000003QQafIAG;a17F000000R17A3IAJ;a0CF000000OdDvpMAF;a0BA000000BkujGMAR;;;NULL;;;NULL;PONTA DO FAROL;;QD VIII LT 6 A 14 E22;CONDOMINIO TOSCANA;Entregando;AV DOS HOLANDESES;;SAO LUIS;BR;CONDOMINIO RESIDENCIAL TOSCANA;NULL;03347719000191;NULL;NULL;012A0000000ernMIAQ;a0AA0000005k9H8MAI;SAO LUIS;BR;65099-110;MA;AV DOS HOLANDESES  PONTA DO FAROL QD VIII LT 6 A 1;Pessoa Jurídica;;;;;00000;001F000000j7eXPIAY
PARAIBA DO SUL;BR;25850-000;RJ;"ROD BR 393 S/N KM 193  CENTRO ";25850-000;0001183639;0001183639;ISENTO;ISENTO;;00000000000000000000;NULL;RJ;NULL;NULL;Inativo;false;false;false;false;false;false;false;false;false;false;false;false;a0nF000000P34hkIAB;a0xF000001OjAB8IAN;a15F0000003QQafIAG;a17F000000R17A2IAJ;a0CF000000OdDvkMAF;a0BA000000Bkuk9MAB;;0052A000008O44KQAS;NULL;;;NULL;CENTRO;;;JESUS SANTOS CARLOS;Entregando;ROD BR 393 S/N KM 193;03 MARÇO;PARAIBA DO SUL;BR;JESUS SANTOS CARLOS;NULL;83826211715;NULL;NULL;012A0000000ernMIAQ;a0AA0000005k9H8MAI;PARAIBA DO SUL;BR;25850-000;RJ;"ROD BR 393 S/N KM 193  CENTRO ";Pessoa Física;;;;C;1.4;001F000000mEEZuIAO
BELO HORIZONTE;BR;30411-200;MG;"R TURFA 775 PRADO ";30411-200;0001200773;0001200773;ISENTO;ISENTO;;00000000000000000000;NULL;MG;NULL;NULL;Ativo;false;false;false;false;false;false;false;false;false;false;false;false;a0nF000000P34hkIAB;a0xF000001OjABCIA3;a15F0000003QQafIAG;a17F000000R17A3IAJ;a0CF000000OdDwDMAV;a0BA000000BkujYMAR;005F0000002SupkIAC;005F0000003vOwfIAE;NULL;;;NULL;PRADO;;;PERFIL SERVICE LTDA EPP;Entregando;R TURFA;;BELO HORIZONTE;BR;PERFIL SERVICE LTDA EPP;NULL;11667791000124;775;NULL;012A0000000ernMIAQ;a0AA0000005k9HBMAY;BELO HORIZONTE;BR;30411-200;MG;"R TURFA 775 PRADO ";Pessoa Jurídica;;;;;0;001F000000nGsbRIAS
SETE LAGOAS;BR;35700-312;MG;AV DOUTOR RENATO AZEREDO 181 CANAAN A;35700-312;0001248310;0001248310;6721763210058;ISENTO;;00000000000000000000;NULL;MG;NULL;NULL;Ativo;false;false;false;false;false;false;false;false;false;false;false;false;a0nF000000P34hPIAR;a0xF000001OjABCIA3;a15F0000003QQafIAG;a17F000000R17A3IAJ;a0CF000000OdDwCMAV;a0BF000000MlLASMA3;005F0000007f7eTIAQ;005F0000007f7eTIAQ;NULL;;;NULL;CANAAN;;A;CHOPERIA VERONA LTDA ME;Entregando;AV DOUTOR RENATO AZEREDO;;SETE LAGOAS;BR;CHOPERIA VERONA LTDA ME;NULL;05063055000164;181;NULL;012A0000000ernMIAQ;a0AA0000005k9HBMAY;SETE LAGOAS;BR;35700-312;MG;AV DOUTOR RENATO AZEREDO 181 CANAAN A;Pessoa Jurídica;;;;;0;001F000000vZ3mZIAS
SAO JOSE DO RIO PRETO;BR;15025-100;SP;"RUA DOUTOR PRESCILIANO PINTO 307 BOA VISTA ";15025-100;0003637856;0003637856;ISENTO;ISENTO;;00000000000000000000;NULL;SP;2013-01-08;NULL;Inativo;false;false;false;false;false;false;false;false;false;false;false;false;a0nF000000P34hZIAR;a0xF000001OjAB4IAN;a15F0000003QQafIAG;a17F000000R17A3IAJ;a0CF000000OdDvpMAF;a0BA000000BkuksMAB;005F00000027HgqIAE;0051Y000009YDC5QAO;NULL;;;NULL;BOA VISTA;;;CONDOMINIO BELA VISTA;Entregando;RUA DOUTOR PRESCILIANO PINTO;05 MAIO;SAO JOSE DO RIO PRETO;BR;ASSOCIACAO RES BELA VISTA ARBV;NULL;17597671000184;307;NULL;012A0000000ernMIAQ;a0AA0000005k9H8MAI;SAO JOSE DO RIO PRETO;BR;15025-100;SP;"RUA DOUTOR PRESCILIANO PINTO 307 BOA VISTA ";Pessoa Jurídica;NOVO NEGÓCIO;;;D;0.49;0012A00002MWrKJQA1
MARILIA;BR;17509-051;SP;"AV DAS INDUSTRIAS 160 MARILIA ";17509-051;0001167167;0001167167;438200400112;ISENTO;;00000000000000000000;NULL;SP;NULL;NULL;Inativo;false;false;false;false;false;false;false;false;false;false;false;false;a0nF000000P34hPIAR;a0xF000001OjAB6IAN;a15F0000003QQafIAG;a17F000000R17A3IAJ;a0CF000000OdDwCMAV;a0BA000000BkuktMAB;;005A0000001KwVdIAK;NULL;;;NULL;MARILIA;;;A PRACA E NOSSA;Entregando;AV DAS INDUSTRIAS;;MARILIA;BR;A M LANCHES DE MARILIA LTDA ME;NULL;04686798000128;160;NULL;012A0000000ernMIAQ;a0AA0000005k9HBMAY;MARILIA;BR;17509-051;SP;"AV DAS INDUSTRIAS 160 MARILIA ";Pessoa Jurídica;;;;;0.42;001F000000hT0qjIAC
FORTALEZA;BR;60430-140;CE;"R PRF COSTA MENDES 2163 RODOLFO TEOFILO ";60430-140;0001116644;0001116644;ISENTO;ISENTO;;00000000000000000000;NULL;CE;NULL;NULL;Inativo;false;false;false;false;false;false;false;false;false;false;false;false;a0nF000000P34hRIAR;a0xF000001OjABaIAN;a15F0000003QQafIAG;a17F000000R17A2IAJ;a0CF000000OdDvkMAF;a0B4z00001PwiM7EAJ;NULL;005A0000001KwVdIAK;NULL;;;NULL;RODOLFO TEOFILO;;;MARCIO DE SOUSA GONCALVES;Entregando;R PRF COSTA MENDES;;FORTALEZA;BR;MARCIO DE SOUSA GONCALVES;NULL;73462136372;2163;NULL;012A0000000ernMIAQ;a0AA0000005k9H8MAI;FORTALEZA;BR;60430-140;CE;"R PRF COSTA MENDES 2163 RODOLFO TEOFILO ";Pessoa Física;;;;;00000;001A000000d7ZYkIAM
PETROPOLIS;BR;25730-740;RJ;"ESTRADA UNIAO E INDUSTRIA 10733 ITAIPAVA ";25730-740;0003624470;0003624470;79883336;ISENTO;;00000000000000000000;NULL;RJ;2013-03-21;NULL;Inativo;false;false;false;false;false;false;false;false;false;false;false;false;a0nF000000P34hZIAR;a0xF000001OjAB8IAN;a15F0000003QQafIAG;a17F000000R17A3IAJ;a0CF000000OdDwCMAV;a0BA000000Bkuk9MAB;005F0000002J1q3IAC;0052A000008O44KQAS;NULL;;;NULL;ITAIPAVA;;;GALETO DE ITAIPAVA;Entregando;ESTRADA UNIAO E INDUSTRIA;02 FEVEREIRO;PETROPOLIS;BR;GALETO DE ITAIPAVA COM ALIMENTOS LT;NULL;17792861000152;10733;NULL;012A0000000ernMIAQ;a0AA0000005k9HBMAY;PETROPOLIS;BR;25730-740;RJ;"ESTRADA UNIAO E INDUSTRIA 10733 ITAIPAVA ";Pessoa Jurídica;NOVO NEGÓCIO;;;E;0;0012A00002JNKIxQAP
UBERLANDIA;BR;38408-663;MG;"AV JOAO NAVES DE AVILA 6030 PAMPULHA ";38408-663;0003604833;0003604833;0026483840047;ISENTO;;00000000000000000000;NULL;MG;2015-10-22;NULL;Ativo;false;false;false;false;false;false;false;false;false;false;false;false;a0nF000000P34hdIAB;a0xF000001OjABEIA3;a15F0000003QQafIAG;a17F000000R17A3IAJ;a0CF000000OdDwCMAV;a0BA000000BkujWMAR;005F0000001wEcRIAU;0054z000009NPyIAAW;NULL;;;NULL;PAMPULHA;;;D PAULA PADARIA E ROTISSERIA;Entregando;AV JOAO NAVES DE AVILA;09 SETEMBRO;UBERLANDIA;BR;D PAULA COM IND ALIMENTOS EIRELI;NULL;23524817000164;6030;NULL;012A0000000ernMIAQ;a0AA0000005k9HBMAY;UBERLANDIA;BR;38408-663;MG;"AV JOAO NAVES DE AVILA 6030 PAMPULHA ";Pessoa Jurídica;;;;;00200;0012A00002GRWKYQA5
CUIABA;BR;78070-000;MT;"R LUIZ ANTONIO DE FIGUEIREDO 10 JARDIM PETROPOLIS ";78070-000;0001966498;0001966498;134819055;ISENTO;;00000000000000000000;NULL;MT;2013-01-23;NULL;Ativo;false;false;false;false;false;false;false;false;false;false;false;false;a0nF000000P34hdIAB;a0xF000001OjABQIA3;a15F0000003QQafIAG;a17F000000R17A3IAJ;a0CF000000OdDvrMAF;a0BA000000BkuisMAB;005F0000001vviqIAA;0054z000008nMQvAAM;NULL;;;NULL;JARDIM PETROPOLIS;;;UNIKO 87 EMPREENDIMENTOS LTDA;Entregando;R LUIZ ANTONIO DE FIGUEIREDO;;CUIABA;BR;UNIKO 87 EMPREENDIMENTOS LTDA;NULL;15810099000164;10;NULL;012A0000000ernMIAQ;a0AA0000005k9H8MAI;CUIABA;BR;78070-000;MT;"R LUIZ ANTONIO DE FIGUEIREDO 10 JARDIM PETROPOLIS ";Pessoa Jurídica;NOVO NEGÓCIO;;;;0;001F000001kgGJhIAM
ITAJAI;BR;88307-102;SC;"R JOSE GALL 1545 CARVALHO 1545 CARVALHO ";88307-102;0003862720;0003862720;ISENTO;ISENTO;;00000000000000000000;NULL;SC;2018-06-11;NULL;Inativo;false;false;false;false;false;false;false;false;false;false;false;false;a0nF000000P34hZIAR;a0xF000001OjABGIA3;a15F0000003QQafIAG;a17F000000R17A3IAJ;a0CF000000OdDvrMAF;a0BA000000Bkuk2MAB;005F0000001uQPJIA2;005F0000001uQP2IAM;NULL;;;NULL;CARVALHO;;;DALL CONSTRUCOES LTDA;Entregando;R JOSE GALL 1545 CARVALHO;07 JULHO;ITAJAI;BR;DALL CONSTRUCOES LTDA;NULL;11306970000489;1545;NULL;012A0000000ernMIAQ;a0AA0000005k9H8MAI;ITAJAI;BR;88307-102;SC;"R JOSE GALL 1545 CARVALHO 1545 CARVALHO ";Pessoa Jurídica;NOVO NEGÓCIO;SUCEDIDO;;D;1.610;0014z00001eBAGrAAO
ITABIRA;BR;35900-000;MG;V JOO PINHEIRO 273 CENTRO A;35900-000;0000997743;0000997743;ISENTO;ISENTO;;00000000000000000000;NULL;MG;NULL;NULL;Ativo;false;false;false;false;false;false;false;false;false;false;false;false;a0nF000000P34hWIAR;a0xF000001OjABCIA3;a15F0000003QQafIAG;a17F000000R17A2IAJ;a0CF000000OdDvkMAF;a0BA000000BkujZMAR;0051Y00000AVtedQAD;005F0000001d3xwIAA;NULL;;;NULL;CENTRO;;A;MARIA LUCIA MARTINS DA COSTA SILVA;Entregando;V JOO PINHEIRO;;ITABIRA;BR;MARIA LUCIA MARTINS DA COSTA SILVA;NULL;72918845604;273;NULL;012A0000000ernMIAQ;a0AA0000005k9H8MAI;ITABIRA;BR;35900-000;MG;V JOO PINHEIRO 273 CENTRO A;Pessoa Física;;;;;0;001F000000n5ZDwIAM
PONTA GROSSA;BR;84010-370;PR;"RUA GENERAL CARNEIRO 1318 CENTRO ";84025-510;0003706074;0003706107;ISENTO;ISENTO;;00000000000000000000;NULL;PR;2011-05-24;NULL;Inativo;false;false;false;false;false;false;false;false;false;false;false;false;a0nF000000P34hlIAB;a0xF000001OjABGIA3;a15F0000003QQafIAG;a17F000000R17A3IAJ;a0CF000000OdDvrMAF;a0BA000000BkujyMAB;0052A000008O5O1QAK;0051Y00000BeYE2QAN;NULL;;;NULL;UVARANAS;;;R M M CONSULTORIA E ENG EIRELLE;Entregando;RUA TOMAZINA;06 JUNHO;PONTA GROSSA;BR;R M M CONSULTORIA E ENG EIRELLE;NULL;13820990000156;183;NULL;012A0000000ernMIAQ;a0AA0000005k9H8MAI;PONTA GROSSA;BR;84025-510;PR;"RUA TOMAZINA 183 UVARANAS ";Pessoa Jurídica;NOVO NEGÓCIO;;;E;0.84;0011Y00002kLA4LQAW
BRASILIA;BR;71200-040;DF;TR SIA TRECHO 4  ZONA INDUSTRIAL GUARA LOTE 620 63;71200-040;0003650967;0003650967;0745770600195;ISENTO;;00000000000000000000;NULL;DF;2004-07-23;NULL;Ativo;false;false;false;false;false;false;false;false;false;false;false;false;a0nF000000P34hZIAR;a0xF000001OjABMIA3;a15F0000003QQafIAG;a17F000000R17A3IAJ;a0CF000000OdDvmMAF;a0BA000000BkuiyMAB;0052A000008MJJzQAO;0051Y000009YLFWQA4;NULL;;;NULL;ZONA INDUSTRIAL GUARA;;LOTE 620 630 E 640;ITATIAIA ATACADISTA;Entregando;TR SIA TRECHO 4;;BRASILIA;BR;ITATIAIA COM DE MAT PARA CONSTRUCAO;NULL;06862927000117;NULL;NULL;012A0000000ernMIAQ;a0AA0000005k9HBMAY;BRASILIA;BR;71200-040;DF;TR SIA TRECHO 4  ZONA INDUSTRIAL GUARA LOTE 620 63;Pessoa Jurídica;NOVO NEGÓCIO;;;;0;0012A00002NJu6JQAT
JABOATAO DOS GUARARAPES;BR;54340-100;PE;R MARACANA LOT R DA LAGOA  PRAZERES LOTE 12A QUADR;54340-100;0000210986;0000210986;000758841;ISENTO;;00000000000000000000;NULL;PE;NULL;NULL;Inativo;false;false;false;false;false;false;false;false;false;false;false;false;a0nF000000P34hoIAB;a0xF000001OjABYIA3;a15F0000003QQafIAG;a17F000000R17A3IAJ;a0CF000000OdDwBMAV;a0B4z00001PwiM2EAJ;005F0000001wSmoIAE;005F0000005MHuBIAW;NULL;;;NULL;PRAZERES;;LOTE 12A QUADRA E2;INDUSTRIA DE PLASTICOS GUARARAPES;Entregando;R MARACANA LOT R DA LAGOA;;JABOATAO DOS GUARARAPES;BR;GUARARAPES INDUSTRIAL LTDA EPP;NULL;10844041000118;NULL;NULL;012A0000000ernMIAQ;a0AA0000005k9H9MAI;JABOATAO DOS GUARARAPES;BR;54340-100;PE;R MARACANA LOT R DA LAGOA  PRAZERES LOTE 12A QUADR;Pessoa Jurídica;;;;D;0.2;001A000000d7jLCIAY
ITAJUBA;BR;37500-209;MG;"AVENIDA BPS 1914 CRUZEIRO 1914 CRUZEIRO ";37500-209;0003729639;0003729639;0016268640020;ISENTO;;00000000000000000000;NULL;MG;2010-07-12;NULL;Ativo;false;false;false;false;false;false;false;false;false;false;false;false;a0nF000000P34hZIAR;a0xF000001OjAB2IAN;a15F0000003QQafIAG;a17F000000R17A3IAJ;a0CF000000OdDw2MAF;a0BA000000BkukrMAB;005F0000001vkhhIAA;0052A000008Nhg6QAC;NULL;;;NULL;CRUZEIRO;;;HAB TATI HOTEL LTDA;Entregando;AVENIDA BPS 1914 CRUZEIRO;10 OUTUBRO;ITAJUBA;BR;HAB TATI HOTEL LTDA;NULL;12210790000119;1914;NULL;012A0000000ernMIAQ;a0AA0000005k9HBMAY;ITAJUBA;BR;37500-209;MG;"AVENIDA BPS 1914 CRUZEIRO 1914 CRUZEIRO ";Pessoa Jurídica;NOVO NEGÓCIO;;;C;0.380;0011Y00002usXVdQAM
RECIFE;BR;51021-100;PE;"R TENENTE DOMINGOS DE BRITO 393 BOA VIAGEM ";51021-100;0001176214;0001176214;ISENTO;ISENTO;;00000000000000000000;NULL;PE;NULL;NULL;Ativo;false;false;false;false;false;false;false;false;false;false;false;false;a0nF000000P34hoIAB;a0xF000001OjABYIA3;a15F0000003QQafIAG;a17F000000R17A3IAJ;a0CF000000OdDvpMAF;a0B4z00001PwiM2EAJ;005F0000005MHuBIAW;0051Y00000AT5HaQAL;NULL;;;NULL;BOA VIAGEM;;;COND EDF CHIEVO VERONA;Entregando;R TENENTE DOMINGOS DE BRITO;01 JANEIRO;RECIFE;BR;COND EDF CHIEVO VERONA;NULL;14353152000182;393;NULL;012A0000000ernMIAQ;a0AA0000005k9H8MAI;RECIFE;BR;51021-100;PE;"R TENENTE DOMINGOS DE BRITO 393 BOA VIAGEM ";Pessoa Jurídica;;;;;0.13;001F000000ke6qqIAA
IGUABA GRANDE;BR;28960-000;RJ;AV BARTOLAY 0 CIDADE NOVA QUADRAB LOTE 31;28960-000;0003939600;0003939600;12309562;1/881982;;00000000000000000000;NULL;RJ;2021-12-06;NULL;Ativo;false;false;false;false;false;false;false;false;false;false;false;false;a0nF000000P34hSIAR;a0xF000001OjAB9IAN;a15F0000003QQafIAG;a17F000000R17A3IAJ;a0CF000000OdDvhMAF;a0BA000000BkukPMAR;NULL;0051Y00000AXRb1QAH;0051Y00000AXRb1QAH;;;NULL;CIDADE NOVA;;QUADRAB LOTE 31;TH DO GAS;Entregando;AV BARTOLAY;;IGUABA GRANDE;BR;F M DE SOUZA DO ROSARIO;NULL;44478955000124;0;NULL;012A0000000ernRIAQ;a0AF000000KjxfyMAB;IGUABA GRANDE;BR;28960-000;RJ;AV BARTOLAY 0 CIDADE NOVA QUADRAB LOTE 31;Pessoa Jurídica;NOVO NEGÓCIO;;;;7.800;0014z00001jUAzPAAW
RECIFE;BR;51020-210;PE;"R PADRE BERNARDINO PESSOA 277 BOA VIAGEM ";51020-210;0000933780;0000933780;ISENTO;ISENTO;;00000000000000000000;NULL;PE;NULL;NULL;Inativo;false;false;false;false;false;false;false;false;false;false;false;false;a0nF000000P34hPIAR;a0xF000001OjABYIA3;a15F0000003QQafIAG;a17F000000R17A3IAJ;a0CF000000OdDvpMAF;a0B4z00001PwiM2EAJ;005F0000005MHuBIAW;005F0000005MHuBIAW;NULL;;;NULL;BOA VIAGEM;;;CONDOMINIO DO EDIFICIO GOLDEN RIVER;Entregando;R PADRE BERNARDINO PESSOA;;RECIFE;BR;CONDOMINIO DO EDIFICIO GOLDEN RIVER;NULL;07130036000139;277;NULL;012A0000000ernMIAQ;a0AA0000005k9H8MAI;RECIFE;BR;51020-210;PE;"R PADRE BERNARDINO PESSOA 277 BOA VIAGEM ";Pessoa Jurídica;;;;;00000;001A000000d7i6SIAQ
JOAO PESSOA;BR;58013-360;PB;"AV CAMILO DE HOLANDA 19 CENTRO ";58013-360;0001114518;0001114518;161648673;ISENTO;;00000000000000000000;NULL;PB;NULL;NULL;Inativo;false;false;false;false;false;false;false;false;false;false;false;false;a0nF000000P34hPIAR;a0xF000001OjABYIA3;a15F0000003QQafIAG;a17F000000R17A3IAJ;a0CF000000OdDwCMAV;a0B4z00001PwiLwEAJ;005F0000005NSRKIA4;005F0000005NSRKIA4;NULL;;;NULL;CENTRO;;;ZENY DOCES E SALGADOS;Entregando;AV CAMILO DE HOLANDA;;JOAO PESSOA;BR;GG INDUSTRIA E COMERCIO DE ALIM LTD;NULL;07613248000410;19;NULL;012A0000000ernMIAQ;a0AA0000005k9HBMAY;JOAO PESSOA;BR;58013-360;PB;"AV CAMILO DE HOLANDA 19 CENTRO ";Pessoa Jurídica;;;;C;0.39;001A000000d7oiIIAQ
COLOMBO;BR;83404-000;PR;"AVENIDA SAO GABRIEL 1746 CAMPO PEQUENO ";83404-000;0003711098;0003711098;9021408406;000000000054016010;;00000000000000000000;NULL;PR;2000-02-25;NULL;Ativo;false;false;false;false;false;false;false;false;false;false;false;false;a0nF000000P34hZIAR;a0xF000001OjABGIA3;a15F0000003QQafIAG;a17F000000R17A3IAJ;a0CF000000OdDvmMAF;a0BA000000BkujyMAB;0051Y00000AXR2VQAX;0051Y00000AXR2VQAX;NULL;;;NULL;CAMPO PEQUENO;;;VITEC;Entregando;AVENIDA SAO GABRIEL;07 JULHO;COLOMBO;BR;VITEC INSTRUMENTACAO INDUSTRIAL LTD;NULL;03701592000167;1746;NULL;012A0000000ernMIAQ;a0AA0000005k9HBMAY;COLOMBO;BR;83404-000;PR;"AVENIDA SAO GABRIEL 1746 CAMPO PEQUENO ";Pessoa Jurídica;NOVO NEGÓCIO;;;;0;0011Y00002s0ayQQAQ
UBERLANDIA;BR;38400-716;MG;"AVENIDA BRASIL 1178 APARECIDA ";38400-716;0001296881;0001296881;ISENTO;ISENTO;;00000000000000000000;NULL;MG;NULL;NULL;Ativo;false;false;false;false;false;false;false;false;false;false;false;false;a0nF000000P34hPIAR;a0xF000001OjABEIA3;a15F0000003QQafIAG;a17F000000R17A2IAJ;a0CF000000OdDvkMAF;a0BA000000BkujWMAR;005F0000001wEcVIAU;005F0000001wEcRIAU;NULL;;;NULL;APARECIDA;;;DAIANE MENDES MOREIRA;Entregando;AVENIDA BRASIL;;UBERLANDIA;BR;DAIANE MENDES MOREIRA;NULL;12140229606;1178;NULL;012A0000000ernMIAQ;a0AA0000005k9H8MAI;UBERLANDIA;BR;38400-716;MG;"AVENIDA BRASIL 1178 APARECIDA ";Pessoa Física;;;;;0;001F000001HZyJ6IAL
ALAGOINHAS;BR;48030-640;BA;"AV AYRTON SENNA DA SILVA 230 ALAGOINHAS VELHA ";48030-640;0003695663;0003695663;152138406;ISENTO;;00000000000000000000;NULL;BA;2018-09-25;NULL;Inativo;false;false;false;false;false;false;false;false;false;false;false;false;a0nF000000P34hdIAB;a0xF000001OjABUIA3;a15F0000003QQafIAG;a17F000000R17A3IAJ;a0CF000000OdDw2MAF;a0BA000000BkujLMAR;005F0000001wHAOIA2;005F0000004WjGmIAK;NULL;;;NULL;ALAGOINHAS VELHA;;;ATRIO HOTEIS;Entregando;AV AYRTON SENNA DA SILVA;05 MAIO;ALAGOINHAS;BR;ATRIO HOTEIS S A;NULL;80732928004197;230;NULL;012A0000000ernMIAQ;a0AA0000005k9HBMAY;ALAGOINHAS;BR;48030-640;BA;"AV AYRTON SENNA DA SILVA 230 ALAGOINHAS VELHA ";Pessoa Jurídica;SUCESSÃO (TROCA TITULARIDADE);;;B;0.2;0011Y00002kKEfjQAG
NITEROI;BR;24360-200;RJ;"RUA TAPAJOS 149 SAO FRANCISCO ";24360-200;0002997016;0002997016;ISENTO;ISENTO;;00000000000000000000;NULL;RJ;2010-06-14;NULL;Ativo;false;false;false;false;false;false;false;false;false;false;false;false;a0nF000000P34hkIAB;a0xF000001OjAB8IAN;a15F0000003QQafIAG;a17F000000R17A3IAJ;a0CF000000OdDwDMAV;a0BA000000BkukCMAR;005F0000003T3eyIAC;0052A000008rh0IQAQ;NULL;;;NULL;SAO FRANCISCO;;;CRECHE ESCOLA JD FAZENDINHA UNIDADE;Entregando;RUA TAPAJOS;07 JULHO;NITEROI;BR;JARDIM FAZENDINHA LTDA MICROEMPRESA;NULL;27770403000257;149;NULL;012A0000000ernMIAQ;a0AA0000005k9HBMAY;NITEROI;BR;24360-200;RJ;"RUA TAPAJOS 149 SAO FRANCISCO ";Pessoa Jurídica;NOVO NEGÓCIO;;;;0.09;001F000001qBDVYIA4
RIO DE JANEIRO;BR;20261-232;RJ;R SANTA ALEXANDRINA 188 RIO COMPRIDO LOJA;20261-232;0001169613;0001169613;79344516;ISENTO;;00000000000000000000;NULL;RJ;NULL;NULL;Ativo;false;false;false;false;false;false;false;false;false;false;false;false;a0nF000000P34hPIAR;a0xF000001OjAB8IAN;a15F0000003QQafIAG;a17F000000R17A3IAJ;a0CF000000OdDwCMAV;a0BA000000Bkuk9MAB;005F0000001yKDGIA2;0052A000008NCOuQAO;NULL;;;NULL;RIO COMPRIDO;;LOJA;BATI PA TU RESTAURANTE LTDA ME;Entregando;R SANTA ALEXANDRINA;;RIO DE JANEIRO;BR;BATI PA TU RESTAURANTE LTDA ME;NULL;13287736000134;188;NULL;012A0000000ernMIAQ;a0AA0000005k9HBMAY;RIO DE JANEIRO;BR;20261-232;RJ;R SANTA ALEXANDRINA 188 RIO COMPRIDO LOJA;Pessoa Jurídica;;;;;00000;001F000000j7gnHIAQ
SERRA;BR;29175-271;ES;"AVENIDA MINAS GERAIS 573 JARDIM ATLANTICO ";29175-271;0003578840;0003578840;082663831;ISENTO;;00000000000000000000;NULL;ES;2009-09-02;NULL;Ativo;false;false;false;false;false;false;false;false;false;false;false;false;a0nF000000P34hZIAR;a0xF000001OjABAIA3;a15F0000003QQafIAG;a17F000000R17A3IAJ;a0CF000000OdDwHMAV;a0BA000000BkukgMAB;005F0000002qTzJIAU;005F0000005OarsIAC;NULL;;;NULL;JARDIM ATLANTICO;;;MATERIAL DE CONSTRUCAO SOLMAR;Entregando;AVENIDA MINAS GERAIS;06 JUNHO;SERRA;BR;COMERCIAL SOLMAR LTDA ME;NULL;11123413000180;573;NULL;012A0000000ernMIAQ;a0AA0000005k9HBMAY;SERRA;BR;29175-271;ES;"AVENIDA MINAS GERAIS 573 JARDIM ATLANTICO ";Pessoa Jurídica;NOVO NEGÓCIO;;;;0.1;0012A00002B4ZeBQAV
RESENDE;BR;27524-510;RJ;"AV ANTONIO MARINS 1006 MIRANTE DAS AGULHAS ";27524-510;0003766527;0003766527;77827960;ISENTO;;00000000000000000000;NULL;RJ;2004-11-16;NULL;Ativo;false;false;false;false;false;false;false;false;false;false;false;false;a0nF000000P34hZIAR;a0xF000001OjAB8IAN;a15F0000003QQafIAG;a17F000000R17A3IAJ;a0CF000000OdDwEMAV;a0BA000000Bkuk9MAB;005F0000007h27sIAA;005F0000001xjOCIAY;NULL;;;NULL;MIRANTE DAS AGULHAS;;;MINI-MERCADO MIRANTE DAS AGULHAS LT;Entregando;AV ANTONIO MARINS;05 MAIO;RESENDE;BR;MINI-MERCADO MIRANTE DAS AGULHAS LT;NULL;07101724000170;1006;NULL;012A0000000ernMIAQ;a0AA0000005k9HBMAY;RESENDE;BR;27524-510;RJ;"AV ANTONIO MARINS 1006 MIRANTE DAS AGULHAS ";Pessoa Jurídica;NOVO NEGÓCIO;;;C;0;0011Y000035gm0qQAA
NOVA IGUACU;BR;26023-310;RJ;EST DEPUTADO DARCILIO AYRES RAUNHETTI 150 VILA SAO;26023-310;0001103714;0001103714;78839414;ISENTO;;00000000000000000000;NULL;RJ;NULL;NULL;Ativo;false;false;false;false;false;false;false;false;false;false;false;false;a0nF000000P34hWIAR;a0xF000001OjAB8IAN;a15F0000003QQafIAG;a17F000000R17A3IAJ;a0CF000000OdDwEMAV;a0BA000000BkukKMAR;005F0000001yKDlIAM;005F0000001yKDlIAM;NULL;;;NULL;VILA SAO TEODORO;;ENTR S P RUA PROFA M P DE C S N;REAL DE EDEN MAXI REDE DE SUPERMERC;Entregando;EST DEPUTADO DARCILIO AYRES RAUNHETTI 150 VILA SAO;;NOVA IGUACU;BR;SUPER MERCADO REAL DE EDEN LTDA;NULL;28800001002183;150;NULL;012A0000000ernMIAQ;a0AA0000005k9HBMAY;NOVA IGUACU;BR;26023-310;RJ;EST DEPUTADO DARCILIO AYRES RAUNHETTI 150 VILA SAO;Pessoa Jurídica;;;;;0.585;001A000000d7FPrIAM
ACAIACA;BR;35438-000;MG;"ROD MG 262 KM 34  ZONA RURAL ";35438-000;0003781639;0003781639;0043248220023;ISENTO;;00000000000000000000;NULL;MG;2005-03-30;NULL;Ativo;false;false;false;false;false;false;false;false;false;false;false;false;a0nF000000P34hjIAB;a0xF000001OjABCIA3;a15F0000003QQafIAG;a17F000000R17A3IAJ;a0CF000000OdDwCMAV;a0BA000000BkujYMAR;005F0000002mgKcIAI;005F0000002mgKcIAI;NULL;;;NULL;ZONA RURAL;;;BAR E RESTAURANTE FOGAO A LENHA LTD;Entregando;ROD MG 262 KM 34;07 JULHO;ACAIACA;BR;BAR E RESTAURANTE FOGAO A LENHA LTD;NULL;07292351000162;NULL;NULL;012A0000000ernMIAQ;a0AA0000005k9HBMAY;ACAIACA;BR;35438-000;MG;"ROD MG 262 KM 34  ZONA RURAL ";Pessoa Jurídica;NOVO NEGÓCIO;;;B;0.400;0011Y000037CNTrQAO
SANTO ANDRE;BR;09111-310;SP;AV ALEXANDRE DE GUSMAO 29 VILA HOMERO THON BLOCO B;09111-310;0001059148;0001059148;626436549110;ISENTO;;00000000000000000000;NULL;SP;NULL;NULL;Inativo;false;false;false;false;true;false;false;false;false;false;false;false;a0nF000000P34hoIAB;a0xF000001OjAB0IAN;a15F0000003QQafIAG;a17F000000R17A3IAJ;a0CF000000OdDwDMAV;a0BA000000Bkul4MAB;005F0000001vkguIAA;005F0000001vkhJIAQ;NULL;;;NULL;VILA HOMERO THON;;BLOCO B;TIM CELULAR S A;Entregando;AV ALEXANDRE DE GUSMAO;07 JULHO;SANTO ANDRE;BR;TIM CELULAR S A;NULL;04206050009803;29;NULL;012A0000000ernMIAQ;a0AA0000005k9HBMAY;SANTO ANDRE;BR;09111-310;SP;AV ALEXANDRE DE GUSMAO 29 VILA HOMERO THON BLOCO B;Pessoa Jurídica;;;;B;00004;001A000000d7qYlIAI
TERESOPOLIS;BR;25977-060;RJ;ESTRADA DAS OLIVEIRAS 545 ALBUQUERQUE 545 ALBUQUER;25977-060;0003667074;0003667074;ISENTO;ISENTO;;00000000000000000000;NULL;RJ;1987-04-27;NULL;Ativo;false;false;false;false;false;false;false;false;false;false;false;false;a0nF000000P34hZIAR;a0xF000001OjAB8IAN;a15F0000003QQafIAG;a17F000000R17A2IAJ;a0CF000000OdDvkMAF;a0BA000000Bkuk9MAB;005F0000001xi6HIAQ;0054z00000AK8oYAAT;NULL;;;NULL;ALBUQUERQUE;;;EDSON CAVINA RODRIGUES;Entregando;ESTRADA DAS OLIVEIRAS 545 ALBUQUERQUE;10 OUTUBRO;TERESOPOLIS;BR;EDSON CAVINA RODRIGUES;NULL;05835898711;545;NULL;012A0000000ernMIAQ;a0AA0000005k9H8MAI;TERESOPOLIS;BR;25977-060;RJ;ESTRADA DAS OLIVEIRAS 545 ALBUQUERQUE 545 ALBUQUER;Pessoa Física;NOVO NEGÓCIO;;PREDIO;C;0.31;0012A00002TRg3UQAT
PETROPOLIS;BR;25640-020;RJ;"RUA PRIMEIRO DE MAIO 526 CASTELANEA ";25640-020;0001970233;0001970233;ISENTO;ISENTO;;00000000000000000000;NULL;RJ;1980-07-18;NULL;Ativo;false;false;false;false;false;false;false;false;false;false;false;false;a0nF000000P34hZIAR;a0xF000001OjAB8IAN;a15F0000003QQafIAG;a17F000000R17A2IAJ;a0CF000000OdDvkMAF;a0BA000000BkukJMAR;;0052A000009xh7tQAA;NULL;;;NULL;CASTELANEA;;;ELIAS DE ALMEIDA DA SILVA;Entregando;RUA PRIMEIRO DE MAIO;05 MAIO;PETROPOLIS;BR;ELIAS DE ALMEIDA DA SILVA;NULL;05298057748;526;NULL;012A0000000ernMIAQ;a0AA0000005k9H8MAI;PETROPOLIS;BR;25640-020;RJ;"RUA PRIMEIRO DE MAIO 526 CASTELANEA ";Pessoa Física;NOVO NEGÓCIO;;;;0;001F000001mVixVIAS
HORIZONTE;BR;62880-162;CE;"AV JUVENAL DE CASTRO 305 CENTRO ";62880-162;0003652427;0003652427;063558050;ISENTO;;00000000000000000000;NULL;CE;2017-12-12;NULL;Inativo;false;false;false;false;false;false;false;false;false;false;false;false;a0nF000000P34hdIAB;a0xF000001OjABaIAN;a15F0000003QQafIAG;a17F000000R17A3IAJ;a0CF000000OdDwCMAV;a0B4z00001PwiM7EAJ;005F0000001wSouIAE;0052A000009LAW4QAO;NULL;;;NULL;CENTRO;;;RESTAURANTE SKINA GOURMET;Entregando;AV JUVENAL DE CASTRO;08 AGOSTO;HORIZONTE;BR;A C DE SOUSA GONCALVES;NULL;72395031000108;305;NULL;012A0000000ernMIAQ;a0AA0000005k9HBMAY;HORIZONTE;BR;62880-162;CE;"AV JUVENAL DE CASTRO 305 CENTRO ";Pessoa Jurídica;NOVO NEGÓCIO;;;C;0.5;0012A00002NKk5sQAD
MAIQUINIQUE;BR;45770-000;BA;FAZENDA EMIDIA  ZONA RURAL LOTE E;45770-000;0003695272;0003695272;152855040;ISENTO;;00000000000000000000;NULL;BA;2018-10-24;NULL;Ativo;false;false;false;false;true;false;false;false;false;false;false;false;a0nF000000P34iqIAB;a0xF000001OjABWIA3;a15F0000003QQafIAG;a17F000000R17A3IAJ;a0CF000000OdDvqMAF;a0BA000000BkujJMAR;005F0000001wHASIA2;005F0000001wHASIA2;NULL;;;NULL;ZONA RURAL;;LOTE E;GRAFITE DO BRASIL;Entregando;FAZENDA EMIDIA;04 ABRIL;MAIQUINIQUE;BR;SAMACA BENEF E PROCESSAMENTOS LTDA;NULL;31851315000176;NULL;NULL;012A0000000ernMIAQ;a0AA0000005k9H9MAI;MAIQUINIQUE;BR;45770-000;BA;FAZENDA EMIDIA  ZONA RURAL LOTE E;Pessoa Jurídica;NOVO NEGÓCIO;;;A;70.00;0011Y00002kK1CwQAK
ITABIRA;BR;35900-426;MG;"R DOS ESCRITORES 86  GABIROBA 1 SECAO ";35900-426;0001315608;0001315608;ISENTO;ISENTO;;00000000000000000000;NULL;MG;NULL;NULL;Ativo;false;false;false;false;false;false;false;false;false;false;false;false;a0nF000000P34hPIAR;a0xF000001OjABCIA3;a15F0000003QQafIAG;a17F000000R17A2IAJ;a0CF000000OdDvkMAF;a0BA000000BkujZMAR;0051Y00000AVtedQAD;005F0000001d3xwIAA;NULL;;;NULL;GABIROBA 1 SECAO;;;MARIA DAS DORES SERAPIAO;Entregando;R DOS ESCRITORES 86;;ITABIRA;BR;MARIA DAS DORES SERAPIAO;NULL;78945429620;NULL;NULL;012A0000000ernMIAQ;a0AA0000005k9H8MAI;ITABIRA;BR;35900-426;MG;"R DOS ESCRITORES 86  GABIROBA 1 SECAO ";Pessoa Física;;;;;0;001F000001TLdfUIAT
BALNEARIO CAMBORIU;BR;88330-260;SC;"R RUA 3540 100 CENTRO 100 CENTRO ";88330-260;0001295451;0001295451;ISENTO;ISENTO;;00000000000000000000;NULL;SC;NULL;NULL;Ativo;false;false;false;false;false;false;false;false;false;false;false;false;a0nF000000P34hZIAR;a0xF000001OjABGIA3;a15F0000003QQafIAG;a17F000000R17A3IAJ;a0CF000000OdDvpMAF;a0BA000000Bkuk2MAB;005F0000002L9BsIAK;0052A000008rKooQAE;NULL;;;NULL;CENTRO;;;COND RESID ACQUA DEL MARE;Entregando;R RUA 3540 100 CENTRO;09 SETEMBRO;BALNEARIO CAMBORIU;BR;COND RESID ACQUA DEL MARE;NULL;11910894000173;100;NULL;012A0000000ernMIAQ;a0AA0000005k9H8MAI;BALNEARIO CAMBORIU;BR;88330-260;SC;"R RUA 3540 100 CENTRO 100 CENTRO ";Pessoa Jurídica;;;;C;0.06;001F000001HY3JWIA1
GUARULHOS;BR;07222-050;SP;"RUA ARTHUR CARL SCHIMIDT 186 CUMBICA ";07222-050;0003698873;0003698873;336797620112;ISENTO;;00000000000000000000;NULL;SP;1966-07-18;NULL;Ativo;false;false;false;false;false;false;false;false;false;false;false;false;a0nF000000P34hlIAB;a0xF000001OjAB0IAN;a15F0000003QQafIAG;a17F000000R17A3IAJ;a0CF000000OdDwBMAV;a0BA000000Bkul4MAB;005F0000007fMsuIAE;005F0000004VfirIAC;NULL;;;NULL;CUMBICA;;;FANEM LTDA;Entregando;RUA ARTHUR CARL SCHIMIDT;05 MAIO;GUARULHOS;BR;FANEM LTDA;NULL;61100244000130;186;NULL;012A0000000ernMIAQ;a0AA0000005k9H9MAI;GUARULHOS;BR;07222-050;SP;"RUA ARTHUR CARL SCHIMIDT 186 CUMBICA ";Pessoa Jurídica;NOVO NEGÓCIO;;;C;0.310;0011Y00002kLU11QAG
SERRA;BR;29165-670;ES;R LINS DO REGO 14 PARQUE RESIDENCIAL LARANJEIRAS 1;29165-670;0003819196;0003819196;083480005;ISENTO;;00000000000000000000;NULL;ES;2018-04-23;NULL;Ativo;false;false;false;false;false;false;false;false;false;false;false;false;a0nF000000P34hdIAB;a0xF000001OjABAIA3;a15F0000003QQafIAG;a17F000000R17A3IAJ;a0CF000000OdDwCMAV;a0BA000000BkukgMAB;0051Y00000A3RVDQA3;005A0000001beeyIAA;NULL;;;NULL;PARQUE RESIDENCIAL LARANJEIRAS;;;E. DA GAMA POP GRILL RESTAURANTE EI;Entregando;R LINS DO REGO 14 PARQUE RESIDENCIAL LARANJEIRAS;01 JANEIRO;SERRA;BR;E. DA GAMA POP GRILL RESTAURANTE EI;NULL;30273297000120;14;NULL;012A0000000ernMIAQ;a0AA0000005k9HBMAY;SERRA;BR;29165-670;ES;R LINS DO REGO 14 PARQUE RESIDENCIAL LARANJEIRAS 1;Pessoa Jurídica;NOVO NEGÓCIO;;;C;0.300;0011Y00003FcYeGQAV
SAO LUIS;BR;65075-830;MA;R MARACACUME  PONTA DO FAROL GLEBA B;65075-830;0001203415;0001203415;ISENTO;ISENTO;;00000000000000000000;NULL;MA;NULL;NULL;Ativo;false;false;false;false;false;false;false;false;false;false;false;false;a0nF000000P34hlIAB;a0xF000001OjABcIAN;a15F0000003QQafIAG;a17F000000R17A3IAJ;a0CF000000OdDvpMAF;a0BA000000BkujGMAR;005F0000001wSoaIAE;0054z000009OOhcAAG;NULL;;;NULL;PONTA DO FAROL;;GLEBA B;COND DO EDIFICIO FAROL DE SAO MARCO;Entregando;R MARACACUME;12 DEZEMBRO;SAO LUIS;BR;COND DO EDIFICIO FAROL DE SAO MARCO;NULL;14958776000123;NULL;NULL;012A0000000ernMIAQ;a0AA0000005k9H8MAI;SAO LUIS;BR;65075-830;MA;R MARACACUME  PONTA DO FAROL GLEBA B;Pessoa Jurídica;;;;C;0.326;001F000000o1DAJIA2
SAO PAULO;BR;03509-000;SP;AVENIDA MARCONDES DE BRITO 1563 VILA MATILDE A;03509-000;0003688960;0003688960;112414570112;ISENTO;;00000000000000000000;NULL;SP;1989-05-24;NULL;Ativo;false;false;false;false;false;false;false;false;false;false;false;false;a0nF000000P34hZIAR;a0xF000001OjAB0IAN;a15F0000003QQafIAG;a17F000000R17A3IAJ;a0CF000000OdDwCMAV;a0BA000000Bkul4MAB;0052A000008NsgWQAS;0054z00000ALBbtAAH;NULL;;;NULL;VILA MATILDE;;A;BAR E RESTAURANTE VADINHO LTDA;Entregando;AVENIDA MARCONDES DE BRITO;03 MARÇO;SAO PAULO;BR;BAR E RESTAURANTE VADINHO LTDA;NULL;60666047000110;1563;NULL;012A0000000ernMIAQ;a0AA0000005k9HBMAY;SAO PAULO;BR;03509-000;SP;AVENIDA MARCONDES DE BRITO 1563 VILA MATILDE A;Pessoa Jurídica;NOVO NEGÓCIO;;;C;0.2;0011Y00002lSVUyQAO
PAULINIA;BR;13140-031;SP;"R ARGEMIRO PIVA 456 REC SANTA CATARINA ";13140-031;0003720210;0003720210;513446771111;ISENTO;;00000000000000000000;NULL;SP;2003-10-28;NULL;Ativo;false;false;false;false;false;false;false;false;false;false;false;false;a0nF000000P34hzIAB;a0xF000001OjAB6IAN;a15F0000003QQafIAG;a17F000000R17A3IAJ;a0CF000000OdDwEMAV;a0BA000000Bkul7MAB;005F0000007yvxzIAA;005F0000005NUCvIAO;NULL;;;NULL;REC SANTA CATARINA;;;SUPERMERCADO JD CALEGARIS LTDA;Entregando;R ARGEMIRO PIVA;10 OUTUBRO;PAULINIA;BR;SUPERMERCADO JD CALEGARIS LTDA;NULL;54255906000267;456;NULL;012A0000000ernMIAQ;a0AA0000005k9HBMAY;PAULINIA;BR;13140-031;SP;"R ARGEMIRO PIVA 456 REC SANTA CATARINA ";Pessoa Jurídica;NOVO NEGÓCIO;;;B;0;0011Y00002s3bxpQAA
BELO HORIZONTE;BR;31140-250;MG;"R MANGANES 261 IPIRANGA ";31140-250;0001932923;0001932923;ISENTO;ISENTO;;00000000000000000000;NULL;MG;NULL;NULL;Ativo;false;false;false;false;false;false;false;false;false;false;false;false;NULL;a0xF000001OjABCIA3;a15F0000003QQafIAG;a17F000000R17A3IAJ;a0CF000000OdDvpMAF;a0BA000000BkujYMAR;005F0000007f7eTIAQ;005F0000007f7eTIAQ;NULL;;;NULL;IPIRANGA;;;CONDOMINIO DO EDIFICIO GERSON VENTU;Entregando;R MANGANES;;BELO HORIZONTE;BR;CONDOMINIO DO EDIFICIO GERSON VENTU;NULL;05874689000105;261;NULL;012A0000000ernMIAQ;a0AA0000005k9H8MAI;BELO HORIZONTE;BR;31140-250;MG;"R MANGANES 261 IPIRANGA ";Pessoa Jurídica;;;;;0.03;001A000000d7VgrIAE
RIO DE JANEIRO;BR;21921-650;RJ;R COATATA 183 ILHA DO GOVERNADOR PARTE CACUIA;21921-650;0001048570;0001048570;86387204;ISENTO;;00000000000000000000;NULL;RJ;NULL;NULL;Ativo;false;false;false;false;false;false;false;false;false;false;false;false;a0nF000000P34hSIAR;a0xF000001OjAB8IAN;a15F0000003QQafIAG;a17F000000R17A3IAJ;a0CF000000OdDwCMAV;a0BA000000Bkuk9MAB;005F0000004tFZ9IAM;005F0000001yKDlIAM;NULL;;;NULL;ILHA DO GOVERNADOR;;PARTE CACUIA;PRINCESINHA NICOLE L E REFEIC LTDA;Entregando;R COATATA;;RIO DE JANEIRO;BR;PRINCESINHA NICOLE L E REFEIC LTDA;NULL;02411505000174;183;NULL;012A0000000ernMIAQ;a0AA0000005k9HBMAY;RIO DE JANEIRO;BR;21921-650;RJ;R COATATA 183 ILHA DO GOVERNADOR PARTE CACUIA;Pessoa Jurídica;;;;;0.095;001A000000d7eG8IAI
